"","year","month","day","dep_time","sched_dep_time","dep_delay","arr_time","sched_arr_time","arr_delay","carrier","flight","tailnum","origin","dest","air_time","distance","hour","minute","time_hour"
"1",2013,2,4,453,500,-7,641,648,-7,"US",1117,"N557UW","EWR","CLT",82,529,5,0,2013-02-04 05:00:00
"2",2013,2,4,522,530,-8,806,829,-23,"UA",650,"N445UA","LGA","IAH",209,1416,5,30,2013-02-04 05:00:00
"3",2013,2,4,528,525,3,822,820,2,"UA",1497,"N14704","EWR","IAH",213,1400,5,25,2013-02-04 05:00:00
"4",2013,2,4,534,540,-6,825,850,-25,"AA",1141,"N640AA","JFK","MIA",150,1089,5,40,2013-02-04 05:00:00
"5",2013,2,4,534,540,-6,1010,1016,-6,"B6",725,"N563JB","JFK","BQN",186,1576,5,40,2013-02-04 05:00:00
"6",2013,2,4,550,600,-10,917,911,6,"B6",135,"N598JB","JFK","RSW",170,1074,6,0,2013-02-04 06:00:00
"7",2013,2,4,551,600,-9,829,834,-5,"DL",2083,"N370NW","LGA","MSY",188,1183,6,0,2013-02-04 06:00:00
"8",2013,2,4,552,600,-8,711,715,-4,"EV",5716,"N836AS","JFK","IAD",51,228,6,0,2013-02-04 06:00:00
"9",2013,2,4,553,600,-7,648,708,-20,"B6",380,"N346JB","EWR","BOS",42,200,6,0,2013-02-04 06:00:00
"10",2013,2,4,553,600,-7,920,925,-5,"UA",303,"N557UA","JFK","SFO",357,2586,6,0,2013-02-04 06:00:00
"11",2013,2,4,553,600,-7,700,659,1,"US",2161,"N756US","LGA","DCA",45,214,6,0,2013-02-04 06:00:00
"12",2013,2,4,554,600,-6,816,815,1,"FL",345,"N978AT","LGA","ATL",121,762,6,0,2013-02-04 06:00:00
"13",2013,2,4,554,600,-6,852,905,-13,"B6",125,"N559JB","JFK","FLL",151,1069,6,0,2013-02-04 06:00:00
"14",2013,2,4,554,600,-6,740,658,42,"US",1833,"N946UW","JFK","PHL",29,94,6,0,2013-02-04 06:00:00
"15",2013,2,4,554,600,-6,646,703,-17,"US",2114,"N715UW","LGA","BOS",35,184,6,0,2013-02-04 06:00:00
"16",2013,2,4,555,601,-6,716,725,-9,"EV",4708,"N15980","EWR","MKE",124,725,6,1,2013-02-04 06:00:00
"17",2013,2,4,555,600,-5,902,858,4,"B6",507,"N599JB","EWR","FLL",151,1065,6,0,2013-02-04 06:00:00
"18",2013,2,4,556,600,-4,703,716,-13,"EV",4201,"N11140","EWR","IAD",46,212,6,0,2013-02-04 06:00:00
"19",2013,2,4,556,600,-4,753,800,-7,"EV",4911,"N709EV","EWR","DTW",90,488,6,0,2013-02-04 06:00:00
"20",2013,2,4,556,600,-4,731,745,-14,"AA",301,"N3DTAA","LGA","ORD",136,733,6,0,2013-02-04 06:00:00
"21",2013,2,4,558,600,-2,816,837,-21,"DL",461,"N3760C","LGA","ATL",116,762,6,0,2013-02-04 06:00:00
"22",2013,2,4,558,601,-3,920,918,2,"UA",1030,"N14118","JFK","LAX",336,2475,6,1,2013-02-04 06:00:00
"23",2013,2,4,600,610,-10,814,818,-4,"EV",4941,"N758EV","EWR","MSP",165,1008,6,10,2013-02-04 06:00:00
"24",2013,2,4,600,600,0,905,910,-5,"AA",707,"N3GAAA","LGA","DFW",224,1389,6,0,2013-02-04 06:00:00
"25",2013,2,4,601,605,-4,812,805,7,"MQ",4401,"N711MQ","LGA","DTW",96,502,6,5,2013-02-04 06:00:00
"26",2013,2,4,601,600,1,823,825,-2,"MQ",4650,"N501MQ","LGA","ATL",116,762,6,0,2013-02-04 06:00:00
"27",2013,2,4,602,610,-8,847,901,-14,"B6",145,"N508JB","JFK","PBI",144,1028,6,10,2013-02-04 06:00:00
"28",2013,2,4,602,610,-8,810,817,-7,"DL",1919,"N343NW","LGA","MSP",157,1020,6,10,2013-02-04 06:00:00
"29",2013,2,4,604,600,4,856,903,-7,"B6",371,"N766JB","LGA","FLL",148,1076,6,0,2013-02-04 06:00:00
"30",2013,2,4,604,608,-4,742,755,-13,"UA",963,"N826UA","EWR","CLE",77,404,6,8,2013-02-04 06:00:00
"31",2013,2,4,606,610,-4,1038,1050,-12,"B6",709,"N634JB","JFK","SJU",190,1598,6,10,2013-02-04 06:00:00
"32",2013,2,4,609,610,-1,908,915,-7,"AA",1837,"N3BAAA","LGA","MIA",155,1096,6,10,2013-02-04 06:00:00
"33",2013,2,4,612,607,5,835,819,16,"EV",4559,"N36915","EWR","CVG",113,569,6,7,2013-02-04 06:00:00
"34",2013,2,4,612,615,-3,832,842,-10,"DL",575,"N355NB","EWR","ATL",116,746,6,15,2013-02-04 06:00:00
"35",2013,2,4,612,608,4,718,725,-7,"UA",453,"N854UA","EWR","BOS",43,200,6,8,2013-02-04 06:00:00
"36",2013,2,4,613,615,-2,851,855,-4,"9E",3856,"N170PQ","JFK","ATL",120,760,6,15,2013-02-04 06:00:00
"37",2013,2,4,613,559,14,851,822,29,"UA",32,"N24224","EWR","MSY",203,1167,5,59,2013-02-04 05:00:00
"38",2013,2,4,617,615,2,811,820,-9,"US",1791,"N724UW","JFK","CLT",87,541,6,15,2013-02-04 06:00:00
"39",2013,2,4,619,625,-6,909,915,-6,"B6",79,"N579JB","JFK","MCO",143,944,6,25,2013-02-04 06:00:00
"40",2013,2,4,620,630,-10,1123,1140,-17,"AA",413,"N3HYAA","JFK","SJU",198,1598,6,30,2013-02-04 06:00:00
"41",2013,2,4,621,635,-14,931,933,-2,"B6",983,"N504JB","LGA","TPA",161,1010,6,35,2013-02-04 06:00:00
"42",2013,2,4,622,630,-8,920,847,33,"EV",4419,"N13968","EWR","IND",152,645,6,30,2013-02-04 06:00:00
"43",2013,2,4,622,625,-3,911,934,-23,"UA",1014,"N16709","LGA","IAH",216,1416,6,25,2013-02-04 06:00:00
"44",2013,2,4,623,630,-7,852,904,-12,"DL",2057,"N672DL","LGA","ATL",121,762,6,30,2013-02-04 06:00:00
"45",2013,2,4,624,625,-1,722,730,-8,"WN",3127,"N7734H","EWR","BWI",35,169,6,25,2013-02-04 06:00:00
"46",2013,2,4,624,630,-6,854,843,11,"US",1433,"N558UW","LGA","CLT",87,544,6,30,2013-02-04 06:00:00
"47",2013,2,4,626,630,-4,903,934,-31,"UA",1627,"N17233","EWR","PBI",139,1023,6,30,2013-02-04 06:00:00
"48",2013,2,4,627,630,-3,820,845,-25,"EV",4471,"N25134","EWR","CLT",89,529,6,30,2013-02-04 06:00:00
"49",2013,2,4,627,630,-3,746,800,-14,"EV",4560,"N14148","EWR","PIT",60,319,6,30,2013-02-04 06:00:00
"50",2013,2,4,627,630,-3,806,810,-4,"AA",303,"N3BBAA","LGA","ORD",138,733,6,30,2013-02-04 06:00:00
"51",2013,2,4,627,631,-4,728,740,-12,"B6",1002,"N615JB","JFK","BOS",40,187,6,31,2013-02-04 06:00:00
"52",2013,2,4,627,630,-3,814,809,5,"B6",905,"N309JB","JFK","ORD",141,740,6,30,2013-02-04 06:00:00
"53",2013,2,4,627,630,-3,925,926,-1,"B6",71,"N636JB","JFK","TPA",154,1005,6,30,2013-02-04 06:00:00
"54",2013,2,4,628,610,18,920,910,10,"AA",1895,"N5CPAA","EWR","MIA",150,1085,6,10,2013-02-04 06:00:00
"55",2013,2,4,628,635,-7,931,1002,-31,"UA",421,"N825UA","EWR","SFO",344,2565,6,35,2013-02-04 06:00:00
"56",2013,2,4,629,630,-1,919,905,14,"WN",135,"N751SW","LGA","DEN",246,1620,6,30,2013-02-04 06:00:00
"57",2013,2,4,630,635,-5,936,940,-4,"AA",711,"N3FUAA","LGA","DFW",224,1389,6,35,2013-02-04 06:00:00
"58",2013,2,4,630,630,0,857,830,27,"MQ",4576,"N510MQ","LGA","CLT",85,544,6,30,2013-02-04 06:00:00
"59",2013,2,4,630,634,-4,929,935,-6,"UA",772,"N530UA","EWR","MIA",158,1085,6,34,2013-02-04 06:00:00
"60",2013,2,4,631,630,1,843,831,12,"US",1507,"N182UW","EWR","CLT",84,529,6,30,2013-02-04 06:00:00
"61",2013,2,4,632,633,-1,820,813,7,"EV",4424,"N19554","EWR","RDU",74,416,6,33,2013-02-04 06:00:00
"62",2013,2,4,634,635,-1,1001,1019,-18,"UA",849,"N492UA","EWR","PHX",304,2133,6,35,2013-02-04 06:00:00
"63",2013,2,4,635,630,5,758,749,9,"EV",4533,"N14573","EWR","BUF",59,282,6,30,2013-02-04 06:00:00
"64",2013,2,4,637,630,7,840,830,10,"MQ",4599,"N523MQ","LGA","MSP",150,1020,6,30,2013-02-04 06:00:00
"65",2013,2,4,639,640,-1,908,900,8,"EV",4122,"N14543","EWR","SDF",125,642,6,40,2013-02-04 06:00:00
"66",2013,2,4,639,645,-6,752,757,-5,"EV",4241,"N12567","EWR","DCA",49,199,6,45,2013-02-04 06:00:00
"67",2013,2,4,639,610,29,805,735,30,"WN",3839,"N725SW","EWR","MDW",125,711,6,10,2013-02-04 06:00:00
"68",2013,2,4,639,645,-6,905,846,19,"US",1251,"N764US","EWR","CLT",81,529,6,45,2013-02-04 06:00:00
"69",2013,2,4,640,636,4,926,945,-19,"UA",1701,"N12216","EWR","FLL",151,1065,6,36,2013-02-04 06:00:00
"70",2013,2,4,641,639,2,957,957,0,"UA",910,"N841UA","EWR","AUS",242,1504,6,39,2013-02-04 06:00:00
"71",2013,2,4,643,645,-2,1005,954,11,"UA",1217,"N27733","EWR","DFW",232,1372,6,45,2013-02-04 06:00:00
"72",2013,2,4,643,645,-2,856,920,-24,"UA",338,"N463UA","LGA","DEN",237,1620,6,45,2013-02-04 06:00:00
"73",2013,2,4,650,655,-5,934,926,8,"B6",117,"N809JB","JFK","MSY",188,1182,6,55,2013-02-04 06:00:00
"74",2013,2,4,651,650,1,826,826,0,"UA",1162,"N33266","EWR","ORD",132,719,6,50,2013-02-04 06:00:00
"75",2013,2,4,652,700,-8,1008,1019,-11,"DL",2003,"N946DL","LGA","MIA",156,1096,7,0,2013-02-04 07:00:00
"76",2013,2,4,652,600,52,830,759,31,"DL",731,"N341NB","LGA","DTW",86,502,6,0,2013-02-04 06:00:00
"77",2013,2,4,653,655,-2,1012,1030,-18,"DL",1415,"N371DA","JFK","SLC",284,1990,6,55,2013-02-04 06:00:00
"78",2013,2,4,654,700,-6,1028,1045,-17,"DL",1865,"N721TW","JFK","SFO",352,2586,7,0,2013-02-04 07:00:00
"79",2013,2,4,654,659,-5,1006,959,7,"AA",1815,"N5EWAA","JFK","MCO",149,944,6,59,2013-02-04 06:00:00
"80",2013,2,4,654,700,-6,942,923,19,"UA",230,"N675UA","EWR","MSY",183,1167,7,0,2013-02-04 07:00:00
"81",2013,2,4,654,700,-6,759,807,-8,"US",2163,"N709UW","LGA","DCA",45,214,7,0,2013-02-04 07:00:00
"82",2013,2,4,655,700,-5,806,807,-1,"US",2116,"N949UW","LGA","BOS",43,184,7,0,2013-02-04 07:00:00
"83",2013,2,4,656,700,-4,941,850,51,"AA",305,"N476AA","LGA","ORD",130,733,7,0,2013-02-04 07:00:00
"84",2013,2,4,656,700,-4,1006,956,10,"B6",203,"N625JB","JFK","LAS",318,2248,7,0,2013-02-04 07:00:00
"85",2013,2,4,656,700,-4,1016,1034,-18,"DL",763,"N722TW","JFK","LAX",336,2475,7,0,2013-02-04 07:00:00
"86",2013,2,4,656,700,-4,839,839,0,"UA",550,"N497UA","LGA","ORD",127,733,7,0,2013-02-04 07:00:00
"87",2013,2,4,657,645,12,840,807,33,"B6",102,"N537JB","JFK","BUF",61,301,6,45,2013-02-04 06:00:00
"88",2013,2,4,657,700,-3,1033,1026,7,"B6",671,"N805JB","JFK","LAX",346,2475,7,0,2013-02-04 07:00:00
"89",2013,2,4,657,700,-3,1034,1025,9,"UA",799,"N510UA","JFK","SFO",362,2586,7,0,2013-02-04 07:00:00
"90",2013,2,4,657,700,-3,809,815,-6,"UA",1142,"N38727","EWR","BOS",47,200,7,0,2013-02-04 07:00:00
"91",2013,2,4,658,659,-1,942,938,4,"DL",1547,"N312US","LGA","ATL",123,762,6,59,2013-02-04 06:00:00
"92",2013,2,4,659,700,-1,833,832,1,"EV",3839,"N14179","EWR","BNA",128,748,7,0,2013-02-04 07:00:00
"93",2013,2,4,659,700,-1,1015,1015,0,"AA",2279,"N3BJAA","LGA","MIA",159,1096,7,0,2013-02-04 07:00:00
"94",2013,2,4,659,705,-6,1037,1020,17,"B6",981,"N640JB","JFK","FLL",162,1069,7,5,2013-02-04 07:00:00
"95",2013,2,4,659,654,5,914,913,1,"UA",1472,"N72405","EWR","DEN",235,1605,6,54,2013-02-04 06:00:00
"96",2013,2,4,659,705,-6,956,940,16,"MQ",4534,"N737MQ","LGA","XNA",209,1147,7,5,2013-02-04 07:00:00
"97",2013,2,4,700,634,26,841,822,19,"EV",4334,"N41104","EWR","CMH",87,463,6,34,2013-02-04 06:00:00
"98",2013,2,4,700,705,-5,941,948,-7,"UA",1485,"N12221","EWR","LAS",312,2227,7,5,2013-02-04 07:00:00
"99",2013,2,4,700,705,-5,1015,1018,-3,"UA",298,"N528UA","EWR","LAX",336,2454,7,5,2013-02-04 07:00:00
"100",2013,2,4,702,705,-3,946,1000,-14,"UA",235,"N409UA","EWR","MCO",144,937,7,5,2013-02-04 07:00:00
"101",2013,2,4,704,705,-1,1000,1001,-1,"B6",389,"N607JB","LGA","MCO",145,950,7,5,2013-02-04 07:00:00
"102",2013,2,4,704,600,64,900,730,90,"WN",3223,"N8308K","LGA","MDW",139,725,6,0,2013-02-04 06:00:00
"103",2013,2,4,704,705,-1,1003,1034,-31,"UA",1655,"N39728","EWR","SNA",336,2434,7,5,2013-02-04 07:00:00
"104",2013,2,4,705,705,0,1013,1015,-2,"WN",3483,"N292WN","EWR","HOU",224,1411,7,5,2013-02-04 07:00:00
"105",2013,2,4,710,715,-5,1036,1035,1,"AA",825,"N3HWAA","JFK","FLL",160,1069,7,15,2013-02-04 07:00:00
"106",2013,2,4,711,714,-3,1014,1026,-12,"UA",1299,"N79521","EWR","RSW",167,1068,7,14,2013-02-04 07:00:00
"107",2013,2,4,713,705,8,1033,1035,-2,"VX",399,"N641VA","JFK","LAX",342,2475,7,5,2013-02-04 07:00:00
"108",2013,2,4,715,720,-5,924,920,4,"EV",4246,"N13989","EWR","DTW",100,488,7,20,2013-02-04 07:00:00
"109",2013,2,4,716,720,-4,906,845,21,"FL",850,"N919AT","LGA","MKE",135,738,7,20,2013-02-04 07:00:00
"110",2013,2,4,717,720,-3,921,928,-7,"DL",831,"N921DL","LGA","DTW",92,502,7,20,2013-02-04 07:00:00
"111",2013,2,4,717,720,-3,953,1023,-30,"UA",1724,"N13718","EWR","PBI",143,1023,7,20,2013-02-04 07:00:00
"112",2013,2,4,720,715,5,1030,1045,-15,"AA",443,"N5BRAA","JFK","MIA",158,1089,7,15,2013-02-04 07:00:00
"113",2013,2,4,721,730,-9,1032,1040,-8,"AA",2083,"N584AA","EWR","DFW",222,1372,7,30,2013-02-04 07:00:00
"114",2013,2,4,723,730,-7,1042,1040,2,"AA",715,"N477AA","LGA","DFW",223,1389,7,30,2013-02-04 07:00:00
"115",2013,2,4,723,729,-6,854,849,5,"B6",1305,"N329JB","JFK","IAD",53,228,7,29,2013-02-04 07:00:00
"116",2013,2,4,724,725,-1,1036,1035,1,"AS",11,"N532AS","EWR","SEA",353,2402,7,25,2013-02-04 07:00:00
"117",2013,2,4,726,730,-4,1028,1100,-32,"AA",33,"N332AA","JFK","LAX",328,2475,7,30,2013-02-04 07:00:00
"118",2013,2,4,726,730,-4,1045,1006,39,"DL",873,"N358NB","LGA","MSY",188,1183,7,30,2013-02-04 07:00:00
"119",2013,2,4,726,730,-4,1107,1115,-8,"VX",11,"N844VA","JFK","SFO",363,2586,7,30,2013-02-04 07:00:00
"120",2013,2,4,727,710,17,1208,1202,6,"B6",715,"N624JB","JFK","SJU",184,1598,7,10,2013-02-04 07:00:00
"121",2013,2,4,727,730,-3,945,1004,-19,"DL",807,"N336NB","EWR","ATL",120,746,7,30,2013-02-04 07:00:00
"122",2013,2,4,727,730,-3,1033,1045,-12,"UA",1408,"N33289","LGA","IAH",226,1416,7,30,2013-02-04 07:00:00
"123",2013,2,4,729,735,-6,1040,1046,-6,"B6",341,"N804JB","JFK","SRQ",159,1041,7,35,2013-02-04 07:00:00
"124",2013,2,4,729,732,-3,1057,1045,12,"B6",1601,"N570JB","LGA","RSW",173,1080,7,32,2013-02-04 07:00:00
"125",2013,2,4,738,740,-2,1118,1105,13,"DL",1889,"N647DL","JFK","SEA",359,2422,7,40,2013-02-04 07:00:00
"126",2013,2,4,740,740,0,1028,1044,-16,"UA",966,"N805UA","EWR","TPA",154,997,7,40,2013-02-04 07:00:00
"127",2013,2,4,741,747,-6,1119,1125,-6,"B6",643,"N763JB","JFK","SFO",366,2586,7,47,2013-02-04 07:00:00
"128",2013,2,4,742,745,-3,1206,1234,-28,"UA",1481,"N56859","EWR","SJU",188,1608,7,45,2013-02-04 07:00:00
"129",2013,2,4,745,740,5,939,927,12,"EV",4099,"N13992","EWR","STL",157,872,7,40,2013-02-04 07:00:00
"130",2013,2,4,747,745,2,1214,1125,49,"AA",59,"N399AA","JFK","SFO",422,2586,7,45,2013-02-04 07:00:00
"131",2013,2,4,749,755,-6,1006,1012,-6,"9E",4023,"N8971A","EWR","CVG",113,569,7,55,2013-02-04 07:00:00
"132",2013,2,4,750,750,0,937,940,-3,"9E",3611,"N8886A","JFK","PIT",71,340,7,50,2013-02-04 07:00:00
"133",2013,2,4,752,759,-7,936,1011,-35,"US",1733,"N555AY","LGA","CLT",88,544,7,59,2013-02-04 07:00:00
"134",2013,2,4,753,800,-7,906,908,-2,"US",2118,"N965UW","LGA","BOS",39,184,8,0,2013-02-04 08:00:00
"135",2013,2,4,754,759,-5,859,916,-17,"EV",4392,"N13913","EWR","SYR",46,195,7,59,2013-02-04 07:00:00
"136",2013,2,4,754,757,-3,908,909,-1,"B6",44,"N712JB","JFK","SYR",50,209,7,57,2013-02-04 07:00:00
"137",2013,2,4,755,755,0,920,930,-10,"WN",3935,"N480WN","LGA","MDW",128,725,7,55,2013-02-04 07:00:00
"138",2013,2,4,756,800,-4,859,917,-18,"US",2165,"N705UW","LGA","DCA",44,214,8,0,2013-02-04 08:00:00
"139",2013,2,4,757,755,2,1059,1110,-11,"AA",2267,"N3CCAA","LGA","MIA",156,1096,7,55,2013-02-04 07:00:00
"140",2013,2,4,757,800,-3,1121,1122,-1,"DL",1271,"N956DL","JFK","FLL",168,1069,8,0,2013-02-04 08:00:00
"141",2013,2,4,757,800,-3,1119,1125,-6,"UA",397,"N525UA","JFK","SFO",362,2586,8,0,2013-02-04 08:00:00
"142",2013,2,4,758,759,-1,1049,1039,10,"DL",2047,"N609DL","LGA","ATL",116,762,7,59,2013-02-04 07:00:00
"143",2013,2,4,759,759,0,1006,1010,-4,"EV",4214,"N13202","EWR","MSP",160,1008,7,59,2013-02-04 07:00:00
"144",2013,2,4,759,800,-1,955,1002,-7,"B6",219,"N324JB","JFK","CLT",91,541,8,0,2013-02-04 08:00:00
"145",2013,2,4,800,810,-10,1241,1315,-34,"AA",655,"N5FMAA","JFK","STT",188,1623,8,10,2013-02-04 08:00:00
"146",2013,2,4,800,800,0,1128,1140,-12,"WN",1558,"N949WN","EWR","PHX",306,2133,8,0,2013-02-04 08:00:00
"147",2013,2,4,801,805,-4,1013,1029,-16,"9E",3538,"N909XJ","JFK","MSP",156,1029,8,5,2013-02-04 08:00:00
"148",2013,2,4,801,800,1,1045,1053,-8,"B6",517,"N705JB","EWR","MCO",141,937,8,0,2013-02-04 08:00:00
"149",2013,2,4,801,800,1,1108,1124,-16,"DL",2143,"N362NW","JFK","MIA",164,1089,8,0,2013-02-04 08:00:00
"150",2013,2,4,802,803,-1,918,918,0,"EV",4233,"N14570","EWR","BTV",51,266,8,3,2013-02-04 08:00:00
"151",2013,2,4,803,803,0,1020,1025,-5,"EV",4393,"N14186","EWR","OMA",181,1134,8,3,2013-02-04 08:00:00
"152",2013,2,4,803,805,-2,1051,1034,17,"B6",1955,"N706JB","JFK","MSY",198,1182,8,5,2013-02-04 08:00:00
"153",2013,2,4,804,805,-1,1104,1112,-8,"B6",17,"N565JB","JFK","FLL",157,1069,8,5,2013-02-04 08:00:00
"154",2013,2,4,804,753,11,954,1007,-13,"DL",2119,"N351NW","LGA","MSP",153,1020,7,53,2013-02-04 07:00:00
"155",2013,2,4,804,759,5,1026,1025,1,"UA",429,"N578UA","LGA","DEN",233,1620,7,59,2013-02-04 07:00:00
"156",2013,2,4,805,810,-5,1120,1116,4,"DL",1959,"N920DL","JFK","MCO",146,944,8,10,2013-02-04 08:00:00
"157",2013,2,4,805,810,-5,915,925,-10,"AA",1838,"N3ADAA","JFK","BOS",44,187,8,10,2013-02-04 08:00:00
"158",2013,2,4,805,815,-10,1000,1010,-10,"MQ",4490,"N730MQ","LGA","CMH",92,479,8,15,2013-02-04 08:00:00
"159",2013,2,4,807,600,127,924,724,120,"EV",6055,"N14171","LGA","IAD",52,229,6,0,2013-02-04 06:00:00
"160",2013,2,4,808,815,-7,1114,1131,-17,"DL",1167,"N306DQ","JFK","TPA",158,1005,8,15,2013-02-04 08:00:00
"161",2013,2,4,809,745,24,956,930,26,"AA",309,"N489AA","LGA","ORD",133,733,7,45,2013-02-04 07:00:00
"162",2013,2,4,809,815,-6,1011,1015,-4,"US",675,"N665AW","EWR","CLT",87,529,8,15,2013-02-04 08:00:00
"163",2013,2,4,810,817,-7,1032,1058,-26,"DL",914,"N360NW","LGA","DEN",240,1620,8,17,2013-02-04 08:00:00
"164",2013,2,4,810,815,-5,1048,1118,-30,"DL",1429,"N373DA","JFK","LAS",313,2248,8,15,2013-02-04 08:00:00
"165",2013,2,4,811,820,-9,949,958,-9,"9E",3317,"N916XJ","JFK","BUF",66,301,8,20,2013-02-04 08:00:00
"166",2013,2,4,812,820,-8,923,939,-16,"9E",4051,"N8891A","JFK","BWI",41,184,8,20,2013-02-04 08:00:00
"167",2013,2,4,812,810,2,916,923,-7,"B6",1172,"N334JB","EWR","BOS",45,200,8,10,2013-02-04 08:00:00
"168",2013,2,4,814,822,-8,1020,1019,1,"EV",4691,"N14562","EWR","DAY",106,533,8,22,2013-02-04 08:00:00
"169",2013,2,4,814,817,-3,1108,1127,-19,"DL",1109,"N378NW","LGA","TPA",157,1010,8,17,2013-02-04 08:00:00
"170",2013,2,4,815,810,5,1036,1044,-8,"FL",346,"N964AT","LGA","ATL",120,762,8,10,2013-02-04 08:00:00
"171",2013,2,4,817,827,-10,1121,1140,-19,"DL",2395,"N365NW","LGA","PBI",154,1035,8,27,2013-02-04 08:00:00
"172",2013,2,4,817,825,-8,1021,1026,-5,"US",487,"N627AW","JFK","CLT",91,541,8,25,2013-02-04 08:00:00
"173",2013,2,4,818,820,-2,945,955,-10,"MQ",4655,"N546MQ","LGA","BNA",123,764,8,20,2013-02-04 08:00:00
"174",2013,2,4,820,830,-10,1049,1106,-17,"F9",835,"N943FR","LGA","DEN",239,1620,8,30,2013-02-04 08:00:00
"175",2013,2,4,821,830,-9,1005,1025,-20,"AA",1855,"N4XBAA","LGA","STL",144,888,8,30,2013-02-04 08:00:00
"176",2013,2,4,821,812,9,1021,950,31,"B6",1051,"N339JB","JFK","PIT",77,340,8,12,2013-02-04 08:00:00
"177",2013,2,4,821,710,71,1002,850,72,"MQ",3737,"N513MQ","EWR","ORD",128,719,7,10,2013-02-04 07:00:00
"178",2013,2,4,822,830,-8,1327,1335,-8,"DL",301,"N633DL","JFK","SJU",191,1598,8,30,2013-02-04 08:00:00
"179",2013,2,4,824,827,-3,1006,1031,-25,"EV",4652,"N13958","EWR","MYR",84,550,8,27,2013-02-04 08:00:00
"180",2013,2,4,825,808,17,1034,1013,21,"EV",4230,"N16911","EWR","GRR",113,605,8,8,2013-02-04 08:00:00
"181",2013,2,4,825,829,-4,1104,1105,-1,"B6",611,"N203JB","JFK","JAX",130,828,8,29,2013-02-04 08:00:00
"182",2013,2,4,825,825,0,1139,1136,3,"B6",181,"N789JB","JFK","SAN",352,2446,8,25,2013-02-04 08:00:00
"183",2013,2,4,826,830,-4,1125,1146,-21,"UA",1601,"N33292","EWR","FLL",159,1065,8,30,2013-02-04 08:00:00
"184",2013,2,4,827,830,-3,1034,1023,11,"9E",4220,"N8604C","JFK","RDU",83,427,8,30,2013-02-04 08:00:00
"185",2013,2,4,827,810,17,1059,1042,17,"DL",269,"N338NB","JFK","ATL",121,760,8,10,2013-02-04 08:00:00
"186",2013,2,4,827,810,17,1011,955,16,"MQ",4406,"N836MQ","JFK","RDU",76,427,8,10,2013-02-04 08:00:00
"187",2013,2,4,830,830,0,949,950,-1,"WN",369,"N204WN","EWR","MDW",122,711,8,30,2013-02-04 08:00:00
"188",2013,2,4,830,825,5,949,945,4,"MQ",4418,"N824MQ","JFK","DCA",48,213,8,25,2013-02-04 08:00:00
"189",2013,2,4,831,835,-4,1143,1150,-7,"AA",717,"N3CWAA","LGA","DFW",231,1389,8,35,2013-02-04 08:00:00
"190",2013,2,4,832,835,-3,1115,1105,10,"MQ",4610,"N506MQ","LGA","ATL",120,762,8,35,2013-02-04 08:00:00
"191",2013,2,4,833,840,-7,1004,1030,-26,"EV",4548,"N26549","EWR","RDU",72,416,8,40,2013-02-04 08:00:00
"192",2013,2,4,833,840,-7,942,1003,-21,"9E",3422,"N600LR","JFK","BOS",39,187,8,40,2013-02-04 08:00:00
"193",2013,2,4,834,819,15,1310,1306,4,"B6",717,"N569JB","JFK","SJU",185,1598,8,19,2013-02-04 08:00:00
"194",2013,2,4,834,840,-6,1137,1204,-27,"UA",112,"N12109","JFK","LAX",336,2475,8,40,2013-02-04 08:00:00
"195",2013,2,4,835,835,0,1158,1215,-17,"UA",1480,"N37253","EWR","SFO",353,2565,8,35,2013-02-04 08:00:00
"196",2013,2,4,836,840,-4,1017,1030,-13,"MQ",4521,"N813MQ","LGA","RDU",78,431,8,40,2013-02-04 08:00:00
"197",2013,2,4,836,834,2,1120,1136,-16,"UA",770,"N479UA","EWR","MCO",144,937,8,34,2013-02-04 08:00:00
"198",2013,2,4,837,829,8,950,955,-5,"EV",3259,"N14105","EWR","PWM",51,284,8,29,2013-02-04 08:00:00
"199",2013,2,4,837,845,-8,949,1015,-26,"9E",3405,"N902XJ","JFK","DCA",42,213,8,45,2013-02-04 08:00:00
"200",2013,2,4,838,830,8,1027,1023,4,"EV",4250,"N16151","EWR","CMH",90,463,8,30,2013-02-04 08:00:00
"201",2013,2,4,838,845,-7,956,1006,-10,"EV",4409,"N16918","EWR","RIC",54,277,8,45,2013-02-04 08:00:00
"202",2013,2,4,838,840,-2,939,959,-20,"UA",1289,"N38257","EWR","BOS",43,200,8,40,2013-02-04 08:00:00
"203",2013,2,4,840,840,0,1152,1203,-11,"B6",553,"N665JB","EWR","RSW",166,1068,8,40,2013-02-04 08:00:00
"204",2013,2,4,841,829,12,1026,1012,14,"EV",3815,"N15572","EWR","GSO",79,445,8,29,2013-02-04 08:00:00
"205",2013,2,4,841,845,-4,1358,1350,8,"AA",1357,"N5FSAA","JFK","SJU",203,1598,8,45,2013-02-04 08:00:00
"206",2013,2,4,843,843,0,1120,1115,5,"EV",4388,"N16961","EWR","JAX",132,820,8,43,2013-02-04 08:00:00
"207",2013,2,4,843,845,-2,1033,1057,-24,"US",1429,"N725UW","LGA","CLT",89,544,8,45,2013-02-04 08:00:00
"208",2013,2,4,844,850,-6,1126,1113,13,"EV",4376,"N11155","EWR","XNA",199,1131,8,50,2013-02-04 08:00:00
"209",2013,2,4,845,850,-5,1045,1035,10,"MQ",4558,"N734MQ","LGA","CLE",79,419,8,50,2013-02-04 08:00:00
"210",2013,2,4,847,855,-8,1059,1104,-5,"9E",3353,"N917XJ","JFK","DTW",98,509,8,55,2013-02-04 08:00:00
"211",2013,2,4,848,850,-2,1156,1148,8,"B6",59,"N662JB","JFK","TPA",157,1005,8,50,2013-02-04 08:00:00
"212",2013,2,4,851,900,-9,1008,1022,-14,"US",2167,"N750UW","LGA","DCA",46,214,9,0,2013-02-04 09:00:00
"213",2013,2,4,852,900,-8,1154,1205,-11,"DL",1885,"N320US","LGA","MCO",141,950,9,0,2013-02-04 09:00:00
"214",2013,2,4,853,859,-6,1148,1159,-11,"UA",430,"N412UA","EWR","TPA",157,997,8,59,2013-02-04 08:00:00
"215",2013,2,4,854,900,-6,1002,1020,-18,"US",2120,"N953UW","LGA","BOS",41,184,9,0,2013-02-04 09:00:00
"216",2013,2,4,855,858,-3,1131,1118,13,"EV",4364,"N14153","EWR","MCI",188,1092,8,58,2013-02-04 08:00:00
"217",2013,2,4,855,855,0,1114,1102,12,"EV",4913,"N676CA","EWR","DTW",99,488,8,55,2013-02-04 08:00:00
"218",2013,2,4,855,900,-5,1213,1227,-14,"DL",120,"N707TW","JFK","LAX",327,2475,9,0,2013-02-04 09:00:00
"219",2013,2,4,856,857,-1,1221,1209,12,"UA",714,"N425UA","EWR","MIA",151,1085,8,57,2013-02-04 08:00:00
"220",2013,2,4,857,900,-3,1521,1540,-19,"HA",51,"N380HA","JFK","HNL",655,4983,9,0,2013-02-04 09:00:00
"221",2013,2,4,857,900,-3,1122,1135,-13,"DL",485,"N309DE","EWR","ATL",118,746,9,0,2013-02-04 09:00:00
"222",2013,2,4,858,908,-10,1113,1120,-7,"EV",4638,"N29917","EWR","CVG",113,569,9,8,2013-02-04 09:00:00
"223",2013,2,4,858,900,-2,1251,1220,31,"AA",1,"N324AA","JFK","LAX",360,2475,9,0,2013-02-04 09:00:00
"224",2013,2,4,858,900,-2,1223,1221,2,"B6",1061,"N228JB","JFK","AUS",245,1521,9,0,2013-02-04 09:00:00
"225",2013,2,4,859,900,-1,1229,1220,9,"AA",647,"N5CGAA","JFK","MIA",160,1089,9,0,2013-02-04 09:00:00
"226",2013,2,4,859,900,-1,1143,1140,3,"DL",1427,"N321NB","LGA","MSY",193,1183,9,0,2013-02-04 09:00:00
"227",2013,2,4,901,905,-4,1019,1022,-3,"B6",56,"N267JB","JFK","BTV",52,266,9,5,2013-02-04 09:00:00
"228",2013,2,4,902,910,-8,1056,1055,1,"B6",1103,"N265JB","JFK","RDU",83,427,9,10,2013-02-04 09:00:00
"229",2013,2,4,902,904,-2,1048,1053,-5,"UA",1602,"N73283","EWR","CLE",79,404,9,4,2013-02-04 09:00:00
"230",2013,2,4,903,908,-5,1335,1409,-34,"UA",1519,"N24702","EWR","STT",194,1634,9,8,2013-02-04 09:00:00
"231",2013,2,4,903,906,-3,1205,1216,-11,"UA",634,"N418UA","EWR","PBI",160,1023,9,6,2013-02-04 09:00:00
"232",2013,2,4,903,900,3,1230,1225,5,"UA",77,"N32626","LGA","IAH",248,1416,9,0,2013-02-04 09:00:00
"233",2013,2,4,904,830,34,1136,1015,81,"AA",313,"N4YRAA","LGA","ORD",136,733,8,30,2013-02-04 08:00:00
"234",2013,2,4,904,903,1,1141,1146,-5,"UA",565,"N545UA","EWR","LAS",307,2227,9,3,2013-02-04 09:00:00
"235",2013,2,4,904,857,7,1209,1202,7,"UA",649,"N820UA","EWR","IAH",215,1400,8,57,2013-02-04 08:00:00
"236",2013,2,4,906,855,11,1143,1101,42,"EV",4383,"N21130","EWR","DTW",121,488,8,55,2013-02-04 08:00:00
"237",2013,2,4,906,900,6,1154,1149,5,"DL",1656,"N186DN","JFK","MSY",198,1182,9,0,2013-02-04 09:00:00
"238",2013,2,4,906,900,6,1131,1133,-2,"UA",1643,"N13138","EWR","DEN",231,1605,9,0,2013-02-04 09:00:00
"239",2013,2,4,909,900,9,1119,1049,30,"UA",1499,"N38451","EWR","ORD",136,719,9,0,2013-02-04 09:00:00
"240",2013,2,4,910,905,5,1234,1235,-1,"VX",407,"N624VA","JFK","LAX",348,2475,9,5,2013-02-04 09:00:00
"241",2013,2,4,911,859,12,1139,1145,-6,"DL",1747,"N688DL","LGA","ATL",118,762,8,59,2013-02-04 08:00:00
"242",2013,2,4,911,920,-9,1101,1125,-24,"MQ",4582,"N8EGMQ","LGA","CLT",88,544,9,20,2013-02-04 09:00:00
"243",2013,2,4,913,915,-2,1045,1038,7,"B6",20,"N323JB","JFK","ROC",59,264,9,15,2013-02-04 09:00:00
"244",2013,2,4,915,920,-5,1225,1240,-15,"AA",1589,"N4YPAA","EWR","DFW",217,1372,9,20,2013-02-04 09:00:00
"245",2013,2,4,916,810,66,1140,1007,93,"EV",4537,"N15574","EWR","MEM",173,946,8,10,2013-02-04 08:00:00
"246",2013,2,4,917,900,17,1202,1116,46,"DL",181,"N324US","LGA","DTW",129,502,9,0,2013-02-04 09:00:00
"247",2013,2,4,919,915,4,1234,1224,10,"B6",25,"N507JB","JFK","FLL",167,1069,9,15,2013-02-04 09:00:00
"248",2013,2,4,920,930,-10,1049,1103,-14,"9E",3661,"N8986B","JFK","ROC",58,264,9,30,2013-02-04 09:00:00
"249",2013,2,4,921,929,-8,1155,1206,-11,"EV",4140,"N13969","EWR","ATL",126,746,9,29,2013-02-04 09:00:00
"250",2013,2,4,921,929,-8,1243,1152,51,"UA",1550,"N38403","EWR","MSY",208,1167,9,29,2013-02-04 09:00:00
"251",2013,2,4,922,920,2,1228,1245,-17,"AA",721,"N481AA","LGA","DFW",223,1389,9,20,2013-02-04 09:00:00
"252",2013,2,4,922,921,1,1032,1028,4,"B6",1004,"N516JB","JFK","BOS",42,187,9,21,2013-02-04 09:00:00
"253",2013,2,4,923,928,-5,1051,1050,1,"B6",4,"N608JB","JFK","BUF",60,301,9,28,2013-02-04 09:00:00
"254",2013,2,4,923,930,-7,1218,1245,-27,"B6",375,"N554JB","LGA","FLL",162,1076,9,30,2013-02-04 09:00:00
"255",2013,2,4,927,929,-2,1030,1044,-14,"EV",4636,"N14974","EWR","DCA",39,199,9,29,2013-02-04 09:00:00
"256",2013,2,4,928,905,23,1211,1115,56,"MQ",4478,"N833MQ","LGA","DTW",122,502,9,5,2013-02-04 09:00:00
"257",2013,2,4,929,759,90,1030,909,81,"EV",4457,"N27962","EWR","MHT",41,209,7,59,2013-02-04 07:00:00
"258",2013,2,4,929,929,0,1356,1426,-30,"B6",215,"N653JB","EWR","SJU",185,1608,9,29,2013-02-04 09:00:00
"259",2013,2,4,930,752,98,1225,1058,87,"UA",451,"N503UA","EWR","IAH",218,1400,7,52,2013-02-04 07:00:00
"260",2013,2,4,931,935,-4,1225,1235,-10,"VX",251,"N843VA","JFK","LAS",320,2248,9,35,2013-02-04 09:00:00
"261",2013,2,4,933,935,-2,1223,1230,-7,"B6",41,"N523JB","JFK","MCO",144,944,9,35,2013-02-04 09:00:00
"262",2013,2,4,935,935,0,1224,1237,-13,"B6",361,"N517JB","LGA","PBI",153,1035,9,35,2013-02-04 09:00:00
"263",2013,2,4,937,940,-3,1241,1250,-9,"AA",1871,"N3HRAA","LGA","MIA",152,1096,9,40,2013-02-04 09:00:00
"264",2013,2,4,940,920,20,1243,1233,10,"UA",1275,"N73860","EWR","LAX",330,2454,9,20,2013-02-04 09:00:00
"265",2013,2,4,941,925,16,1149,1150,-1,"WN",3494,"N485WN","EWR","DEN",232,1605,9,25,2013-02-04 09:00:00
"266",2013,2,4,943,945,-2,1112,1135,-23,"WN",469,"N446WN","LGA","BNA",129,764,9,45,2013-02-04 09:00:00
"267",2013,2,4,947,950,-3,1220,1210,10,"9E",3961,"N8698A","LGA","GRR",111,618,9,50,2013-02-04 09:00:00
"268",2013,2,4,949,950,-1,1051,1103,-12,"B6",600,"N316JB","JFK","PWM",49,273,9,50,2013-02-04 09:00:00
"269",2013,2,4,949,955,-6,1316,1220,56,"MQ",4654,"N522MQ","LGA","ATL",121,762,9,55,2013-02-04 09:00:00
"270",2013,2,4,950,1000,-10,1217,1239,-22,"DL",1847,"N660DL","LGA","ATL",121,762,10,0,2013-02-04 10:00:00
"271",2013,2,4,951,955,-4,1047,1100,-13,"9E",3667,"N8970D","JFK","PHL",30,94,9,55,2013-02-04 09:00:00
"272",2013,2,4,951,950,1,1112,1130,-18,"WN",1964,"N786SW","LGA","MKE",121,738,9,50,2013-02-04 09:00:00
"273",2013,2,4,952,959,-7,1121,1129,-8,"MQ",4670,"N532MQ","LGA","BNA",121,764,9,59,2013-02-04 09:00:00
"274",2013,2,4,952,959,-7,1329,1333,-4,"US",450,"N676AW","JFK","PHX",314,2153,9,59,2013-02-04 09:00:00
"275",2013,2,4,952,1000,-8,1053,1108,-15,"US",2122,"N952UW","LGA","BOS",37,184,10,0,2013-02-04 10:00:00
"276",2013,2,4,954,1000,-6,1102,1121,-19,"US",2169,"N756US","LGA","DCA",44,214,10,0,2013-02-04 10:00:00
"277",2013,2,4,956,1000,-4,1118,1123,-5,"EV",5736,"N820AS","LGA","IAD",53,229,10,0,2013-02-04 10:00:00
"278",2013,2,4,957,1000,-3,1248,1304,-16,"B6",503,"N562JB","EWR","FLL",156,1065,10,0,2013-02-04 10:00:00
"279",2013,2,4,1001,959,2,1234,1247,-13,"B6",197,"N633JB","JFK","LAS",314,2248,9,59,2013-02-04 09:00:00
"280",2013,2,4,1002,1006,-4,1219,1219,0,"EV",4421,"N12567","EWR","IND",122,645,10,6,2013-02-04 10:00:00
"281",2013,2,4,1003,1005,-2,1232,1256,-24,"UA",1597,"N17730","EWR","EGE",255,1726,10,5,2013-02-04 10:00:00
"282",2013,2,4,1004,1000,4,1203,1209,-6,"US",1277,"N748UW","LGA","CLT",94,544,10,0,2013-02-04 10:00:00
"283",2013,2,4,1005,1005,0,1241,1303,-22,"DL",1529,"N383DN","JFK","LAS",315,2248,10,5,2013-02-04 10:00:00
"284",2013,2,4,1007,1015,-8,1207,1216,-9,"US",1427,"N708UW","JFK","CLT",91,541,10,15,2013-02-04 10:00:00
"285",2013,2,4,1010,1000,10,1301,1254,7,"UA",1623,"N77525","EWR","MCO",150,937,10,0,2013-02-04 10:00:00
"286",2013,2,4,1012,1015,-3,1321,1340,-19,"US",75,"N647AW","EWR","PHX",296,2133,10,15,2013-02-04 10:00:00
"287",2013,2,4,1013,1015,-2,1208,1208,0,"US",1103,"N557UW","EWR","CLT",90,529,10,15,2013-02-04 10:00:00
"288",2013,2,4,1017,1015,2,1134,1131,3,"EV",4663,"N14573","EWR","IAD",48,212,10,15,2013-02-04 10:00:00
"289",2013,2,4,1020,1025,-5,1218,1231,-13,"EV",5026,"N538CA","EWR","DTW",96,488,10,25,2013-02-04 10:00:00
"290",2013,2,4,1020,1023,-3,1249,1255,-6,"FL",347,"N935AT","LGA","ATL",123,762,10,23,2013-02-04 10:00:00
"291",2013,2,4,1020,1015,5,1322,1334,-12,"UA",1257,"N36247","LGA","IAH",225,1416,10,15,2013-02-04 10:00:00
"292",2013,2,4,1021,1030,-9,1316,1340,-24,"AA",19,"N320AA","JFK","LAX",337,2475,10,30,2013-02-04 10:00:00
"293",2013,2,4,1023,815,128,1225,958,147,"9E",3521,"N601LR","JFK","ORD",136,740,8,15,2013-02-04 08:00:00
"294",2013,2,4,1023,1016,7,1233,1230,3,"DL",2319,"N910DL","LGA","MSP",162,1020,10,16,2013-02-04 10:00:00
"295",2013,2,4,1023,1000,23,1318,1310,8,"UA",454,"N833UA","EWR","FLL",162,1065,10,0,2013-02-04 10:00:00
"296",2013,2,4,1024,1030,-6,1152,1215,-23,"MQ",4471,"N739MQ","LGA","RDU",74,431,10,30,2013-02-04 10:00:00
"297",2013,2,4,1025,1020,5,1331,1330,1,"AA",731,"N3BKAA","LGA","DFW",218,1389,10,20,2013-02-04 10:00:00
"298",2013,2,4,1026,1000,26,1353,1321,32,"UA",499,"N485UA","EWR","SEA",357,2402,10,0,2013-02-04 10:00:00
"299",2013,2,4,1027,1030,-3,1249,1254,-5,"DL",2343,"N3744F","EWR","ATL",119,746,10,30,2013-02-04 10:00:00
"300",2013,2,4,1031,1021,10,1347,1342,5,"DL",1903,"N981DL","LGA","SRQ",171,1047,10,21,2013-02-04 10:00:00
"301",2013,2,4,1032,924,68,1222,1118,64,"EV",4234,"N14148","EWR","STL",153,872,9,24,2013-02-04 09:00:00
"302",2013,2,4,1037,1039,-2,1327,1329,-2,"B6",31,"N649JB","JFK","MCO",146,944,10,39,2013-02-04 10:00:00
"303",2013,2,4,1042,1045,-3,1251,1250,1,"DL",1573,"N347NB","LGA","MEM",166,963,10,45,2013-02-04 10:00:00
"304",2013,2,4,1050,1100,-10,1200,1223,-23,"EV",4240,"N19554","EWR","BUF",56,282,11,0,2013-02-04 11:00:00
"305",2013,2,4,1050,1050,0,1346,1404,-18,"B6",373,"N584JB","LGA","FLL",158,1076,10,50,2013-02-04 10:00:00
"306",2013,2,4,1051,1059,-8,1338,1324,14,"B6",1925,"N558JB","JFK","MSY",203,1182,10,59,2013-02-04 10:00:00
"307",2013,2,4,1052,1052,0,1401,1414,-13,"UA",471,"N470UA","EWR","RSW",173,1068,10,52,2013-02-04 10:00:00
"308",2013,2,4,1054,1100,-6,1403,1420,-17,"DL",1275,"N3764D","JFK","SLC",289,1990,11,0,2013-02-04 11:00:00
"309",2013,2,4,1054,1010,44,1242,1140,62,"MQ",3795,"N524MQ","EWR","ORD",125,719,10,10,2013-02-04 10:00:00
"310",2013,2,4,1054,1100,-6,1432,1425,7,"UA",642,"N560UA","JFK","SFO",359,2586,11,0,2013-02-04 11:00:00
"311",2013,2,4,1056,1100,-4,1406,1410,-4,"AA",739,"N3BHAA","LGA","DFW",231,1389,11,0,2013-02-04 11:00:00
"312",2013,2,4,1056,1000,56,1448,1341,67,"DL",1765,"N703TW","JFK","SFO",367,2586,10,0,2013-02-04 10:00:00
"313",2013,2,4,1056,1100,-4,1148,1209,-21,"US",2124,"N949UW","LGA","BOS",38,184,11,0,2013-02-04 11:00:00
"314",2013,2,4,1056,1100,-4,1201,1214,-13,"US",2171,"N709UW","LGA","DCA",48,214,11,0,2013-02-04 11:00:00
"315",2013,2,4,1057,945,72,1248,1130,78,"AA",319,"N4WSAA","LGA","ORD",145,733,9,45,2013-02-04 09:00:00
"316",2013,2,4,1057,1100,-3,1414,1424,-10,"DL",2044,"N925DL","LGA","MIA",159,1096,11,0,2013-02-04 11:00:00
"317",2013,2,4,1059,1100,-1,1342,1338,4,"DL",1647,"N641DL","LGA","ATL",121,762,11,0,2013-02-04 11:00:00
"318",2013,2,4,1059,900,119,1256,1039,137,"UA",544,"N444UA","LGA","ORD",137,733,9,0,2013-02-04 09:00:00
"319",2013,2,4,1100,1100,0,1243,1300,-17,"WN",1873,"N489WN","LGA","STL",142,888,11,0,2013-02-04 11:00:00
"320",2013,2,4,1101,1100,1,1424,1432,-8,"UA",1120,"N37290","EWR","SFO",352,2565,11,0,2013-02-04 11:00:00
"321",2013,2,4,1102,1106,-4,1158,1218,-20,"UA",1648,"N17719","EWR","BOS",41,200,11,6,2013-02-04 11:00:00
"322",2013,2,4,1102,958,64,1315,1137,98,"UA",258,"N837UA","LGA","ORD",134,733,9,58,2013-02-04 09:00:00
"323",2013,2,4,1106,1050,16,1231,1227,4,"EV",4662,"N15983","EWR","RDU",71,416,10,50,2013-02-04 10:00:00
"324",2013,2,4,1107,1115,-8,1234,1257,-23,"EV",5273,"N611QX","LGA","PIT",64,335,11,15,2013-02-04 11:00:00
"325",2013,2,4,1107,1030,37,1440,1355,45,"AA",179,"N343AA","JFK","SFO",360,2586,10,30,2013-02-04 10:00:00
"326",2013,2,4,1107,1030,37,1436,1415,21,"VX",23,"N839VA","JFK","SFO",357,2586,10,30,2013-02-04 10:00:00
"327",2013,2,4,1108,1114,-6,1342,1315,27,"DL",1031,"N325NB","LGA","DTW",126,502,11,14,2013-02-04 11:00:00
"328",2013,2,4,1111,1100,11,1235,1215,20,"MQ",3792,"N0EGMQ","JFK","DCA",53,213,11,0,2013-02-04 11:00:00
"329",2013,2,4,1112,1115,-3,1420,1425,-5,"AA",2099,"N3EAAA","LGA","MIA",156,1096,11,15,2013-02-04 11:00:00
"330",2013,2,4,1113,1120,-7,1336,1336,0,"EV",4298,"N41104","EWR","MCI",185,1092,11,20,2013-02-04 11:00:00
"331",2013,2,4,1115,957,78,1244,1125,79,"EV",4187,"N14952","EWR","BNA",135,748,9,57,2013-02-04 09:00:00
"332",2013,2,4,1119,1125,-6,1554,1620,-26,"DL",315,"N3761R","JFK","SJU",190,1598,11,25,2013-02-04 11:00:00
"333",2013,2,4,1121,1114,7,1343,1345,-2,"UA",1403,"N33203","LGA","DEN",243,1620,11,14,2013-02-04 11:00:00
"334",2013,2,4,1122,1031,51,1501,1402,59,"B6",641,"N715JB","JFK","SFO",359,2586,10,31,2013-02-04 10:00:00
"335",2013,2,4,1122,1130,-8,1325,1334,-9,"US",1625,"N112US","LGA","CLT",93,544,11,30,2013-02-04 11:00:00
"336",2013,2,4,1124,1125,-1,1446,1438,8,"B6",673,"N646JB","JFK","LAX",349,2475,11,25,2013-02-04 11:00:00
"337",2013,2,4,1124,1050,34,1358,1340,18,"UA",1284,"N27205","EWR","LAS",316,2227,10,50,2013-02-04 10:00:00
"338",2013,2,4,1124,1130,-6,1444,1445,-1,"UA",703,"N505UA","JFK","LAX",347,2475,11,30,2013-02-04 11:00:00
"339",2013,2,4,1125,1130,-5,1436,1459,-23,"DL",212,"N707TW","JFK","LAX",330,2475,11,30,2013-02-04 11:00:00
"340",2013,2,4,1125,1130,-5,1317,1315,2,"WN",145,"N356SW","EWR","STL",151,872,11,30,2013-02-04 11:00:00
"341",2013,2,4,1125,1130,-5,1413,1422,-9,"UA",1736,"N41135","EWR","MCO",148,937,11,30,2013-02-04 11:00:00
"342",2013,2,4,1126,1130,-4,1430,1430,0,"DL",695,"N970DL","JFK","MCO",151,944,11,30,2013-02-04 11:00:00
"343",2013,2,4,1128,1135,-7,1313,1330,-17,"MQ",4553,"N719MQ","LGA","CLE",82,419,11,35,2013-02-04 11:00:00
"344",2013,2,4,1129,1129,0,1413,1418,-5,"B6",523,"N564JB","EWR","MCO",144,937,11,29,2013-02-04 11:00:00
"345",2013,2,4,1129,1134,-5,1323,1345,-22,"DL",2219,"N339NB","LGA","MSP",151,1020,11,34,2013-02-04 11:00:00
"346",2013,2,4,1129,1126,3,1423,1424,-1,"UA",1143,"N38727","EWR","PBI",158,1023,11,26,2013-02-04 11:00:00
"347",2013,2,4,1131,1130,1,1341,1356,-15,"UA",1625,"N26210","EWR","DEN",232,1605,11,30,2013-02-04 11:00:00
"348",2013,2,4,1132,840,172,1428,1143,165,"UA",1626,"N36280","EWR","SAN",338,2425,8,40,2013-02-04 08:00:00
"349",2013,2,4,1133,1043,50,1515,1340,95,"UA",406,"N672UA","EWR","IAH",213,1400,10,43,2013-02-04 10:00:00
"350",2013,2,4,1135,1105,30,1253,1245,8,"WN",542,"N474WN","LGA","MDW",121,725,11,5,2013-02-04 11:00:00
"351",2013,2,4,1136,1140,-4,1441,1445,-4,"AA",1623,"N3DBAA","EWR","MIA",155,1085,11,40,2013-02-04 11:00:00
"352",2013,2,4,1137,1042,55,1302,1206,56,"EV",4694,"N14916","EWR","MKE",129,725,10,42,2013-02-04 10:00:00
"353",2013,2,4,1137,1129,8,1455,1437,18,"B6",133,"N524JB","JFK","RSW",168,1074,11,29,2013-02-04 11:00:00
"354",2013,2,4,1137,1140,-3,1451,1459,-8,"DL",1037,"N316NB","LGA","RSW",170,1080,11,40,2013-02-04 11:00:00
"355",2013,2,4,1137,1050,47,1356,1250,66,"MQ",4589,"N502MQ","LGA","DTW",111,502,10,50,2013-02-04 10:00:00
"356",2013,2,4,1138,1145,-7,1447,1454,-7,"DL",1875,"N982DL","LGA","TPA",153,1010,11,45,2013-02-04 11:00:00
"357",2013,2,4,1139,1144,-5,1244,1255,-11,"EV",4264,"N14570","EWR","BTV",47,266,11,44,2013-02-04 11:00:00
"358",2013,2,4,1139,1140,-1,1457,1450,7,"DL",930,"N320NB","LGA","FLL",174,1076,11,40,2013-02-04 11:00:00
"359",2013,2,4,1140,1145,-5,1313,1321,-8,"FL",353,"N985AT","LGA","CAK",73,397,11,45,2013-02-04 11:00:00
"360",2013,2,4,1140,1130,10,1308,1306,2,"EV",4671,"N12175","EWR","RDU",68,416,11,30,2013-02-04 11:00:00
"361",2013,2,4,1142,1145,-3,1359,1410,-11,"DL",401,"N310DE","EWR","ATL",119,746,11,45,2013-02-04 11:00:00
"362",2013,2,4,1144,1139,5,1435,1440,-5,"UA",1707,"N39461","EWR","TPA",156,997,11,39,2013-02-04 11:00:00
"363",2013,2,4,1145,1155,-10,1515,1458,17,"B6",625,"N348JB","JFK","HOU",242,1428,11,55,2013-02-04 11:00:00
"364",2013,2,4,1148,1155,-7,1253,1304,-11,"9E",3483,"N923XJ","JFK","BOS",41,187,11,55,2013-02-04 11:00:00
"365",2013,2,4,1151,1200,-9,1257,1315,-18,"EV",4349,"N13913","EWR","ORF",49,284,12,0,2013-02-04 12:00:00
"366",2013,2,4,1151,1200,-9,1414,1447,-33,"EV",5371,"N600QX","LGA","JAX",127,833,12,0,2013-02-04 12:00:00
"367",2013,2,4,1153,1145,8,1446,1453,-7,"DL",1174,"N332NB","LGA","PBI",154,1035,11,45,2013-02-04 11:00:00
"368",2013,2,4,1154,1200,-6,1252,1303,-11,"B6",1174,"N334JB","EWR","BOS",44,200,12,0,2013-02-04 12:00:00
"369",2013,2,4,1154,1200,-6,1252,1305,-13,"US",2126,"N965UW","LGA","BOS",37,184,12,0,2013-02-04 12:00:00
"370",2013,2,4,1155,1200,-5,1428,1430,-2,"MQ",4658,"N500MQ","LGA","ATL",127,762,12,0,2013-02-04 12:00:00
"371",2013,2,4,1155,1200,-5,1356,1400,-4,"US",1443,"N762US","JFK","CLT",97,541,12,0,2013-02-04 12:00:00
"372",2013,2,4,1156,1150,6,NA,1345,NA,"MQ",4646,"N510MQ","LGA","MSP",NA,1020,11,50,2013-02-04 11:00:00
"373",2013,2,4,1157,1205,-8,1506,1520,-14,"AA",743,"N589AA","LGA","DFW",224,1389,12,5,2013-02-04 12:00:00
"374",2013,2,4,1157,1205,-8,1336,1345,-9,"MQ",4431,"N713MQ","LGA","RDU",70,431,12,5,2013-02-04 12:00:00
"375",2013,2,4,1157,1200,-3,1502,1457,5,"UA",388,"N408UA","EWR","IAH",224,1400,12,0,2013-02-04 12:00:00
"376",2013,2,4,1158,1200,-2,1509,1510,-1,"AA",3,"N336AA","JFK","LAX",341,2475,12,0,2013-02-04 12:00:00
"377",2013,2,4,1159,1110,49,1304,1220,44,"B6",24,"N292JB","JFK","BTV",47,266,11,10,2013-02-04 11:00:00
"378",2013,2,4,1159,1200,-1,1419,1438,-19,"DL",1947,"N643DL","LGA","ATL",121,762,12,0,2013-02-04 12:00:00
"379",2013,2,4,1204,1125,39,1348,1305,43,"AA",327,"N3HVAA","LGA","ORD",138,733,11,25,2013-02-04 11:00:00
"380",2013,2,4,1204,1205,-1,1323,1325,-2,"WN",644,"N460WN","EWR","MDW",120,711,12,5,2013-02-04 12:00:00
"381",2013,2,4,1205,1210,-5,1315,1322,-7,"B6",42,"N178JB","JFK","SYR",52,209,12,10,2013-02-04 12:00:00
"382",2013,2,4,1206,1210,-4,1306,1310,-4,"WN",477,"N912WN","EWR","BWI",43,169,12,10,2013-02-04 12:00:00
"383",2013,2,4,1207,1200,7,1314,1309,5,"US",2173,"N705UW","LGA","DCA",42,214,12,0,2013-02-04 12:00:00
"384",2013,2,4,1208,1200,8,1316,1315,1,"MQ",4425,"N855MQ","JFK","DCA",52,213,12,0,2013-02-04 12:00:00
"385",2013,2,4,1210,1159,11,1458,1431,27,"EV",4090,"N13914","EWR","JAX",142,820,11,59,2013-02-04 11:00:00
"386",2013,2,4,1212,1220,-8,1538,1532,6,"B6",209,"N794JB","JFK","LGB",364,2465,12,20,2013-02-04 12:00:00
"387",2013,2,4,1219,1006,133,1323,1121,122,"EV",5711,"N833AS","JFK","IAD",45,228,10,6,2013-02-04 10:00:00
"388",2013,2,4,1219,1221,-2,1600,1555,5,"UA",345,"N821UA","EWR","SFO",351,2565,12,21,2013-02-04 12:00:00
"389",2013,2,4,1220,1217,3,1539,1556,-17,"UA",1227,"N35260","EWR","PHX",300,2133,12,17,2013-02-04 12:00:00
"390",2013,2,4,1222,1215,7,1332,1328,4,"EV",4087,"N13989","EWR","PWM",50,284,12,15,2013-02-04 12:00:00
"391",2013,2,4,1225,1230,-5,1337,1405,-28,"WN",283,"N798SW","LGA","MKE",119,738,12,30,2013-02-04 12:00:00
"392",2013,2,4,1228,1235,-7,1534,1606,-32,"DL",2174,"N3732J","JFK","SLC",287,1990,12,35,2013-02-04 12:00:00
"393",2013,2,4,1233,1235,-2,1529,1535,-6,"UA",1186,"N73291","EWR","MIA",164,1085,12,35,2013-02-04 12:00:00
"394",2013,2,4,1234,1245,-11,1332,1350,-18,"AA",1850,"N3ADAA","JFK","BOS",41,187,12,45,2013-02-04 12:00:00
"395",2013,2,4,1235,1240,-5,1437,1445,-8,"DL",1131,"N344NB","LGA","DTW",92,502,12,40,2013-02-04 12:00:00
"396",2013,2,4,1236,1235,1,1409,1415,-6,"MQ",4404,"N836MQ","JFK","RDU",77,427,12,35,2013-02-04 12:00:00
"397",2013,2,4,1238,1240,-2,1553,1540,13,"AA",1853,"N521AA","EWR","DFW",222,1372,12,40,2013-02-04 12:00:00
"398",2013,2,4,1240,1245,-5,1531,1550,-19,"AA",745,"N3BUAA","LGA","DFW",214,1389,12,45,2013-02-04 12:00:00
"399",2013,2,4,1245,1245,0,1548,1600,-12,"AA",2253,"N3DXAA","LGA","MIA",160,1096,12,45,2013-02-04 12:00:00
"400",2013,2,4,1247,1250,-3,1346,1354,-8,"B6",1006,"N267JB","JFK","BOS",40,187,12,50,2013-02-04 12:00:00
"401",2013,2,4,1251,1300,-9,1508,1529,-21,"EV",4950,"N720EV","EWR","ATL",113,746,13,0,2013-02-04 13:00:00
"402",2013,2,4,1251,1250,1,1504,1449,15,"EV",4893,"N615QX","EWR","DTW",104,488,12,50,2013-02-04 12:00:00
"403",2013,2,4,1252,1259,-7,1546,1555,-9,"B6",991,"N324JB","JFK","PBI",159,1028,12,59,2013-02-04 12:00:00
"404",2013,2,4,1253,1300,-7,1601,1610,-9,"WN",2239,"N793SA","EWR","HOU",230,1411,13,0,2013-02-04 13:00:00
"405",2013,2,4,1253,1255,-2,1545,1605,-20,"UA",1612,"N87531","EWR","DFW",212,1372,12,55,2013-02-04 12:00:00
"406",2013,2,4,1254,1300,-6,1357,1406,-9,"9E",3638,"N829AY","JFK","PHL",27,94,13,0,2013-02-04 13:00:00
"407",2013,2,4,1254,1250,4,1557,1550,7,"DL",1685,"N339NW","LGA","MCO",144,950,12,50,2013-02-04 12:00:00
"408",2013,2,4,1254,1300,-6,1355,1406,-11,"US",2128,"N953UW","LGA","BOS",42,184,13,0,2013-02-04 13:00:00
"409",2013,2,4,1255,1300,-5,1449,1450,-1,"MQ",4426,"N730MQ","LGA","CMH",98,479,13,0,2013-02-04 13:00:00
"410",2013,2,4,1255,1251,4,1604,1602,2,"UA",428,"N474UA","LGA","IAH",232,1416,12,51,2013-02-04 12:00:00
"411",2013,2,4,1255,1300,-5,1413,1407,6,"US",2175,"N750UW","LGA","DCA",51,214,13,0,2013-02-04 13:00:00
"412",2013,2,4,1257,1300,-3,1528,1537,-9,"DL",781,"N3754A","LGA","ATL",126,762,13,0,2013-02-04 13:00:00
"413",2013,2,4,1258,1308,-10,1529,1542,-13,"FL",348,"N978AT","LGA","ATL",127,762,13,8,2013-02-04 13:00:00
"414",2013,2,4,1258,1300,-2,1532,1506,26,"9E",3762,"N8580A","EWR","CVG",108,569,13,0,2013-02-04 13:00:00
"415",2013,2,4,1258,1305,-7,1418,1425,-7,"B6",32,"N323JB","JFK","ROC",61,264,13,5,2013-02-04 13:00:00
"416",2013,2,4,1259,1259,0,1402,1408,-6,"UA",561,"N816UA","EWR","BOS",42,200,12,59,2013-02-04 12:00:00
"417",2013,2,4,1259,1259,0,1509,1456,13,"US",1459,"N187US","LGA","CLT",96,544,12,59,2013-02-04 12:00:00
"418",2013,2,4,1302,1220,42,1423,1342,41,"B6",66,"N339JB","JFK","BUF",66,301,12,20,2013-02-04 12:00:00
"419",2013,2,4,1303,1230,33,1531,1459,32,"EV",3826,"N11536","EWR","ATL",129,746,12,30,2013-02-04 12:00:00
"420",2013,2,4,1305,1259,6,1424,1420,4,"EV",4158,"N16918","EWR","RIC",57,277,12,59,2013-02-04 12:00:00
"421",2013,2,4,1305,1247,18,1531,1523,8,"DL",1705,"N638DL","LGA","MSY",178,1183,12,47,2013-02-04 12:00:00
"422",2013,2,4,1305,1315,-10,1519,1520,-1,"MQ",4564,"N813MQ","LGA","DTW",112,502,13,15,2013-02-04 13:00:00
"423",2013,2,4,1309,1250,19,1525,1520,5,"WN",390,"N436WN","LGA","DEN",235,1620,12,50,2013-02-04 12:00:00
"424",2013,2,4,1311,1300,11,1623,1605,18,"B6",85,"N508JB","JFK","FLL",170,1069,13,0,2013-02-04 13:00:00
"425",2013,2,4,1311,1315,-4,1501,1504,-3,"US",1291,"N558UW","EWR","CLT",89,529,13,15,2013-02-04 13:00:00
"426",2013,2,4,1312,1315,-3,1434,1431,3,"EV",4120,"N14562","EWR","BUF",59,282,13,15,2013-02-04 13:00:00
"427",2013,2,4,1312,1322,-10,1621,1623,-2,"B6",431,"N636JB","LGA","SRQ",169,1047,13,22,2013-02-04 13:00:00
"428",2013,2,4,1313,1240,33,1637,1555,42,"AA",2041,"N5DTAA","JFK","MIA",181,1089,12,40,2013-02-04 12:00:00
"429",2013,2,4,1315,1259,16,1424,1402,22,"EV",4129,"N14974","EWR","DCA",47,199,12,59,2013-02-04 12:00:00
"430",2013,2,4,1316,1320,-4,1424,1436,-12,"EV",4231,"N13995","EWR","IAD",46,212,13,20,2013-02-04 13:00:00
"431",2013,2,4,1317,1320,-3,1506,1508,-2,"EV",4628,"N16151","EWR","STL",147,872,13,20,2013-02-04 13:00:00
"432",2013,2,4,1317,1325,-8,1453,1505,-12,"MQ",4475,"N734MQ","LGA","RDU",75,431,13,25,2013-02-04 13:00:00
"433",2013,2,4,1322,1330,-8,1618,1640,-22,"AA",753,"N3ECAA","LGA","DFW",209,1389,13,30,2013-02-04 13:00:00
"434",2013,2,4,1322,1320,2,1638,1650,-12,"VX",411,"N638VA","JFK","LAX",346,2475,13,20,2013-02-04 13:00:00
"435",2013,2,4,1324,1330,-6,1647,1705,-18,"WN",1078,"N264LV","EWR","PHX",303,2133,13,30,2013-02-04 13:00:00
"436",2013,2,4,1326,1329,-3,1427,1431,-4,"EV",4280,"N14972","EWR","BWI",37,169,13,29,2013-02-04 13:00:00
"437",2013,2,4,1326,1320,6,1627,1633,-6,"UA",1110,"N26123","EWR","LAX",344,2454,13,20,2013-02-04 13:00:00
"438",2013,2,4,1327,1329,-2,1538,1526,12,"EV",3840,"N13958","EWR","MEM",171,946,13,29,2013-02-04 13:00:00
"439",2013,2,4,1329,1325,4,1814,1809,5,"B6",705,"N559JB","JFK","SJU",189,1598,13,25,2013-02-04 13:00:00
"440",2013,2,4,1331,1330,1,1609,1605,4,"DL",2043,"N3756","JFK","ATL",129,760,13,30,2013-02-04 13:00:00
"441",2013,2,4,1333,1320,13,1637,1619,18,"B6",505,"N599JB","EWR","FLL",168,1065,13,20,2013-02-04 13:00:00
"442",2013,2,4,1333,1315,18,1646,1542,64,"UA",1205,"N21108","EWR","MSY",183,1167,13,15,2013-02-04 13:00:00
"443",2013,2,4,1335,1345,-10,1439,1457,-18,"B6",602,"N316JB","JFK","PWM",46,273,13,45,2013-02-04 13:00:00
"444",2013,2,4,1335,1253,42,1628,1555,33,"UA",1641,"N76265","EWR","MCO",150,937,12,53,2013-02-04 12:00:00
"445",2013,2,4,1336,1345,-9,1643,1705,-22,"AA",1073,"N3BAAA","LGA","MIA",166,1096,13,45,2013-02-04 13:00:00
"446",2013,2,4,1338,1330,8,1642,1616,26,"B6",525,"N281JB","EWR","MCO",154,937,13,30,2013-02-04 13:00:00
"447",2013,2,4,1340,1218,82,1537,1415,82,"EV",4135,"N14179","EWR","CLT",100,529,12,18,2013-02-04 12:00:00
"448",2013,2,4,1341,1341,0,1935,1935,0,"UA",15,"N76065","EWR","HNL",629,4963,13,41,2013-02-04 13:00:00
"449",2013,2,4,1345,1345,0,1657,1705,-8,"AA",117,"N329AA","JFK","LAX",344,2475,13,45,2013-02-04 13:00:00
"450",2013,2,4,1345,1200,105,1504,1330,94,"MQ",4601,"N535MQ","LGA","BNA",124,764,12,0,2013-02-04 12:00:00
"451",2013,2,4,1346,1300,46,1526,1437,49,"UA",1249,"N13113","EWR","ORD",132,719,13,0,2013-02-04 13:00:00
"452",2013,2,4,1346,1350,-4,1559,1545,14,"MQ",4577,"N521MQ","LGA","CLT",95,544,13,50,2013-02-04 13:00:00
"453",2013,2,4,1347,1350,-3,1701,1715,-14,"US",186,"N665AW","EWR","PHX",293,2133,13,50,2013-02-04 13:00:00
"454",2013,2,4,1349,1345,4,1637,1640,-3,"B6",1783,"N531JB","JFK","MCO",148,944,13,45,2013-02-04 13:00:00
"455",2013,2,4,1349,1220,89,1516,1350,86,"MQ",3697,"N531MQ","EWR","ORD",124,719,12,20,2013-02-04 12:00:00
"456",2013,2,4,1351,1400,-9,1442,1503,-21,"US",2130,"N952UW","LGA","BOS",37,184,14,0,2013-02-04 14:00:00
"457",2013,2,4,1353,1357,-4,1659,1708,-9,"UA",1164,"N17233","EWR","FLL",165,1065,13,57,2013-02-04 13:00:00
"458",2013,2,4,1354,1400,-6,1453,1509,-16,"US",2177,"N756US","LGA","DCA",42,214,14,0,2013-02-04 14:00:00
"459",2013,2,4,1355,1400,-5,1618,1636,-18,"DL",2247,"N627DL","LGA","ATL",122,762,14,0,2013-02-04 14:00:00
"460",2013,2,4,1358,1359,-1,1654,1656,-2,"UA",424,"N527UA","EWR","PBI",161,1023,13,59,2013-02-04 13:00:00
"461",2013,2,4,1358,1359,-1,1548,1534,14,"UA",1734,"N79279","EWR","ORD",128,719,13,59,2013-02-04 13:00:00
"462",2013,2,4,1401,1335,26,1648,1632,16,"B6",1161,"N509JB","LGA","PBI",154,1035,13,35,2013-02-04 13:00:00
"463",2013,2,4,1402,1405,-3,1657,1704,-7,"B6",63,"N608JB","JFK","TPA",159,1005,14,5,2013-02-04 14:00:00
"464",2013,2,4,1410,1410,0,1557,1555,2,"MQ",4491,"N824MQ","LGA","CLE",82,419,14,10,2013-02-04 14:00:00
"465",2013,2,4,1411,1415,-4,1624,1622,2,"EV",4687,"N14573","EWR","CVG",112,569,14,15,2013-02-04 14:00:00
"466",2013,2,4,1412,1416,-4,1636,1650,-14,"FL",349,"N964AT","LGA","ATL",128,762,14,16,2013-02-04 14:00:00
"467",2013,2,4,1414,1355,19,1733,1708,25,"DL",2079,"N370NW","LGA","FLL",176,1076,13,55,2013-02-04 13:00:00
"468",2013,2,4,1416,1359,17,1526,1517,9,"EV",5712,"N825AS","JFK","IAD",49,228,13,59,2013-02-04 13:00:00
"469",2013,2,4,1420,1429,-9,1737,1754,-17,"UA",257,"N512UA","JFK","SFO",359,2586,14,29,2013-02-04 14:00:00
"470",2013,2,4,1422,1415,7,1643,1638,5,"DL",935,"N338NB","EWR","ATL",122,746,14,15,2013-02-04 14:00:00
"471",2013,2,4,1424,1430,-6,1728,1735,-7,"AA",883,"N479AA","EWR","DFW",218,1372,14,30,2013-02-04 14:00:00
"472",2013,2,4,1424,1415,9,1658,1642,16,"UA",94,"N14102","EWR","MSY",197,1167,14,15,2013-02-04 14:00:00
"473",2013,2,4,1426,1435,-9,1744,1747,-3,"B6",347,"N203JB","JFK","SRQ",175,1041,14,35,2013-02-04 14:00:00
"474",2013,2,4,1426,1430,-4,1756,1815,-19,"DL",2126,"N723TW","JFK","SFO",354,2586,14,30,2013-02-04 14:00:00
"475",2013,2,4,1428,1435,-7,1543,1559,-16,"YV",3750,"N513MJ","LGA","IAD",50,229,14,35,2013-02-04 14:00:00
"476",2013,2,4,1431,1300,91,1605,1440,85,"AA",329,"N542AA","LGA","ORD",136,733,13,0,2013-02-04 13:00:00
"477",2013,2,4,1433,1415,18,1727,1723,4,"B6",377,"N603JB","LGA","FLL",158,1076,14,15,2013-02-04 14:00:00
"478",2013,2,4,1435,1355,40,1551,1530,21,"WN",348,"N455WN","LGA","MDW",123,725,13,55,2013-02-04 13:00:00
"479",2013,2,4,1439,1420,19,1614,1550,24,"MQ",3728,"N513MQ","EWR","ORD",133,719,14,20,2013-02-04 14:00:00
"480",2013,2,4,1440,1442,-2,1703,1658,5,"EV",4181,"N14188","EWR","MCI",181,1092,14,42,2013-02-04 14:00:00
"481",2013,2,4,1440,1420,20,1640,1620,20,"MQ",4588,"N506MQ","LGA","MSP",150,1020,14,20,2013-02-04 14:00:00
"482",2013,2,4,1440,1445,-5,1641,1647,-6,"US",1445,"N543UW","LGA","CLT",96,544,14,45,2013-02-04 14:00:00
"483",2013,2,4,1441,1439,2,1743,1751,-8,"UA",1175,"N12216","EWR","RSW",165,1068,14,39,2013-02-04 14:00:00
"484",2013,2,4,1443,1447,-4,1541,1557,-16,"UA",1207,"N14228","EWR","BOS",41,200,14,47,2013-02-04 14:00:00
"485",2013,2,4,1443,1448,-5,1619,1621,-2,"UA",477,"N805UA","EWR","CLE",74,404,14,48,2013-02-04 14:00:00
"486",2013,2,4,1444,1455,-11,1627,1637,-10,"9E",3318,"N902XJ","JFK","BUF",65,301,14,55,2013-02-04 14:00:00
"487",2013,2,4,1444,1445,-1,1547,1606,-19,"9E",3452,"N604LR","JFK","BOS",44,187,14,45,2013-02-04 14:00:00
"488",2013,2,4,1446,1450,-4,1642,1640,2,"MQ",4403,"N725MQ","JFK","RDU",76,427,14,50,2013-02-04 14:00:00
"489",2013,2,4,1446,1445,1,1715,1705,10,"UA",407,"N530UA","EWR","DEN",233,1605,14,45,2013-02-04 14:00:00
"490",2013,2,4,1447,1456,-9,1617,1624,-7,"9E",4357,"N8930E","JFK","ORF",56,290,14,56,2013-02-04 14:00:00
"491",2013,2,4,1448,1439,9,1754,1759,-5,"UA",1267,"N37420","EWR","AUS",228,1504,14,39,2013-02-04 14:00:00
"492",2013,2,4,1448,1450,-2,1659,1645,14,"MQ",4172,"N667MQ","JFK","CLE",93,425,14,50,2013-02-04 14:00:00
"493",2013,2,4,1449,1459,-10,1614,1630,-16,"B6",8,"N579JB","JFK","BUF",61,301,14,59,2013-02-04 14:00:00
"494",2013,2,4,1449,1345,64,1819,1655,84,"B6",83,"N804JB","JFK","SEA",365,2422,13,45,2013-02-04 13:00:00
"495",2013,2,4,1449,1452,-3,1643,1655,-12,"DL",1231,"N946DL","LGA","DTW",94,502,14,52,2013-02-04 14:00:00
"496",2013,2,4,1450,1450,0,1751,1755,-4,"AA",1813,"N5EWAA","JFK","MCO",148,944,14,50,2013-02-04 14:00:00
"497",2013,2,4,1451,1444,7,1753,1744,9,"B6",141,"N563JB","JFK","PBI",157,1028,14,44,2013-02-04 14:00:00
"498",2013,2,4,1452,1505,-13,1604,1637,-33,"9E",3393,"N600LR","JFK","DCA",45,213,15,5,2013-02-04 15:00:00
"499",2013,2,4,1452,1500,-8,1549,1608,-19,"US",2132,"N949UW","LGA","BOS",44,184,15,0,2013-02-04 15:00:00
"500",2013,2,4,1452,1500,-8,1647,1653,-6,"US",720,"N560UW","EWR","CLT",91,529,15,0,2013-02-04 15:00:00
"501",2013,2,4,1453,1455,-2,1645,1645,0,"AA",337,"N4XBAA","LGA","ORD",130,733,14,55,2013-02-04 14:00:00
"502",2013,2,4,1453,1459,-6,1749,1756,-7,"B6",393,"N705JB","LGA","MCO",148,950,14,59,2013-02-04 14:00:00
"503",2013,2,4,1453,1455,-2,1821,1825,-4,"AA",1769,"N5FTAA","JFK","MIA",167,1089,14,55,2013-02-04 14:00:00
"504",2013,2,4,1455,1459,-4,1751,1736,15,"B6",119,"N520JB","JFK","MSY",204,1182,14,59,2013-02-04 14:00:00
"505",2013,2,4,1457,1357,60,1657,1556,61,"EV",4370,"N18556","EWR","CHS",104,628,13,57,2013-02-04 13:00:00
"506",2013,2,4,1457,1500,-3,1559,1619,-20,"US",2179,"N709UW","LGA","DCA",46,214,15,0,2013-02-04 15:00:00
"507",2013,2,4,1458,1505,-7,1806,1820,-14,"AA",759,"N3GAAA","LGA","DFW",211,1389,15,5,2013-02-04 15:00:00
"508",2013,2,4,1458,1500,-2,1759,1742,17,"DL",2347,"N609DL","LGA","ATL",122,762,15,0,2013-02-04 15:00:00
"509",2013,2,4,1459,1455,4,1800,1805,-5,"UA",473,"N449UA","EWR","FLL",161,1065,14,55,2013-02-04 14:00:00
"510",2013,2,4,1459,1500,-1,1626,1639,-13,"UA",685,"N461UA","LGA","ORD",129,733,15,0,2013-02-04 15:00:00
"511",2013,2,4,1500,1350,70,1628,1518,70,"EV",4171,"N13992","EWR","MSN",131,799,13,50,2013-02-04 13:00:00
"512",2013,2,4,1500,1435,25,1824,1742,42,"DL",1902,"N329NB","LGA","PBI",169,1035,14,35,2013-02-04 14:00:00
"513",2013,2,4,1500,1459,1,1844,1825,19,"UA",1698,"N79521","EWR","SFO",371,2565,14,59,2013-02-04 14:00:00
"514",2013,2,4,1502,1357,65,1555,1507,48,"EV",4434,"N16976","EWR","MHT",38,209,13,57,2013-02-04 13:00:00
"515",2013,2,4,1502,1429,33,1714,1642,32,"DL",1819,"N950DL","LGA","MSP",155,1020,14,29,2013-02-04 14:00:00
"516",2013,2,4,1503,1505,-2,1728,1734,-6,"UA",745,"N569UA","LGA","DEN",240,1620,15,5,2013-02-04 15:00:00
"517",2013,2,4,1504,1315,109,1546,1411,95,"EV",4368,"N29917","EWR","BDL",25,116,13,15,2013-02-04 13:00:00
"518",2013,2,4,1504,1506,-2,1817,1819,-2,"UA",1600,"N33103","EWR","LAX",341,2454,15,6,2013-02-04 15:00:00
"519",2013,2,4,1506,1510,-4,1728,1745,-17,"MQ",4309,"N628MQ","JFK","IND",117,665,15,10,2013-02-04 15:00:00
"520",2013,2,4,1508,1506,2,1642,1641,1,"UA",1702,"N13718","EWR","ORD",120,719,15,6,2013-02-04 15:00:00
"521",2013,2,4,1512,1445,27,1805,1744,21,"B6",153,"N809JB","JFK","MCO",153,944,14,45,2013-02-04 14:00:00
"522",2013,2,4,1512,1500,12,1826,1837,-11,"DL",963,"N717TW","JFK","LAX",338,2475,15,0,2013-02-04 15:00:00
"523",2013,2,4,1513,1420,53,1808,1713,55,"UA",1618,"N18119","EWR","TPA",157,997,14,20,2013-02-04 14:00:00
"524",2013,2,4,1514,1510,4,1645,1655,-10,"MQ",4447,"N711MQ","LGA","RDU",73,431,15,10,2013-02-04 15:00:00
"525",2013,2,4,1516,1358,78,1816,1700,76,"UA",385,"N419UA","EWR","IAH",222,1400,13,58,2013-02-04 13:00:00
"526",2013,2,4,1517,1435,42,1800,1701,59,"DL",1344,"N327NB","LGA","MCI",170,1107,14,35,2013-02-04 14:00:00
"527",2013,2,4,1520,1459,21,1631,1624,7,"B6",12,"N292JB","JFK","SYR",58,209,14,59,2013-02-04 14:00:00
"528",2013,2,4,1520,1520,0,1836,1842,-6,"DL",2115,"N334NW","LGA","MIA",170,1096,15,20,2013-02-04 15:00:00
"529",2013,2,4,1520,1510,10,1641,1650,-9,"WN",323,"N786SW","LGA","MKE",120,738,15,10,2013-02-04 15:00:00
"530",2013,2,4,1522,1530,-8,1710,1725,-15,"AA",2223,"N403AA","LGA","STL",147,888,15,30,2013-02-04 15:00:00
"531",2013,2,4,1523,1525,-2,1650,1655,-5,"MQ",3823,"N508MQ","JFK","DCA",53,213,15,25,2013-02-04 15:00:00
"532",2013,2,4,1524,1515,9,1711,1700,11,"MQ",4333,"N931MQ","JFK","PIT",73,340,15,15,2013-02-04 15:00:00
"533",2013,2,4,1525,1527,-2,1704,1700,4,"EV",3835,"N18557","EWR","BNA",139,748,15,27,2013-02-04 15:00:00
"534",2013,2,4,1525,1530,-5,1714,1725,-11,"MQ",4146,"N623MQ","JFK","CMH",90,483,15,30,2013-02-04 15:00:00
"535",2013,2,4,1526,1530,-4,1839,1855,-16,"AA",1039,"N3JSAA","JFK","FLL",166,1069,15,30,2013-02-04 15:00:00
"536",2013,2,4,1526,1500,26,1841,1825,16,"AA",1925,"N3BJAA","LGA","MIA",165,1096,15,0,2013-02-04 15:00:00
"537",2013,2,4,1527,1530,-3,1639,1642,-3,"EV",3267,"N17196","EWR","ORF",52,284,15,30,2013-02-04 15:00:00
"538",2013,2,4,1528,1530,-2,1802,1805,-3,"MQ",4525,"N739MQ","LGA","XNA",194,1147,15,30,2013-02-04 15:00:00
"539",2013,2,4,1529,1535,-6,1843,1850,-7,"AA",763,"N3FUAA","LGA","DFW",212,1389,15,35,2013-02-04 15:00:00
"540",2013,2,4,1533,1540,-7,1744,1743,1,"9E",3523,"N932XJ","JFK","ORD",131,740,15,40,2013-02-04 15:00:00
"541",2013,2,4,1536,1540,-4,1905,1909,-4,"DL",2027,"N319US","JFK","FLL",177,1069,15,40,2013-02-04 15:00:00
"542",2013,2,4,1537,1500,37,1739,1655,44,"MQ",4429,"N737MQ","LGA","CMH",96,479,15,0,2013-02-04 15:00:00
"543",2013,2,4,1540,1530,10,1746,1734,12,"US",1665,"N710UW","LGA","CLT",99,544,15,30,2013-02-04 15:00:00
"544",2013,2,4,1541,1550,-9,1807,1826,-19,"9E",3427,"N905XJ","JFK","IND",113,665,15,50,2013-02-04 15:00:00
"545",2013,2,4,1542,1515,27,1839,1805,34,"UA",53,"N68160","EWR","IAH",219,1400,15,15,2013-02-04 15:00:00
"546",2013,2,4,1543,1548,-5,1820,1830,-10,"DL",95,"N3753","JFK","ATL",130,760,15,48,2013-02-04 15:00:00
"547",2013,2,4,1543,1545,-2,1841,1850,-9,"DL",2377,"N351NW","LGA","MCO",149,950,15,45,2013-02-04 15:00:00
"548",2013,2,4,1543,1545,-2,1829,1857,-28,"UA",1200,"N77530","EWR","SAN",333,2425,15,45,2013-02-04 15:00:00
"549",2013,2,4,1544,1506,38,1817,1738,39,"EV",3817,"N16981","EWR","JAX",134,820,15,6,2013-02-04 15:00:00
"550",2013,2,4,1545,1545,0,1922,1910,12,"AA",133,"N319AA","JFK","LAX",350,2475,15,45,2013-02-04 15:00:00
"551",2013,2,4,1545,1350,115,1837,1623,134,"B6",615,"N183JB","JFK","JAX",140,828,13,50,2013-02-04 13:00:00
"552",2013,2,4,1545,1510,35,1835,1801,34,"UA",315,"N576UA","EWR","MCO",144,937,15,10,2013-02-04 15:00:00
"553",2013,2,4,1546,1550,-4,1755,1820,-25,"9E",3355,"N916XJ","JFK","MSP",159,1029,15,50,2013-02-04 15:00:00
"554",2013,2,4,1549,1550,-1,2050,2050,0,"AA",1635,"N5EAAA","JFK","SJU",197,1598,15,50,2013-02-04 15:00:00
"555",2013,2,4,1549,1550,-1,1926,1925,1,"DL",1773,"N604DL","JFK","SLC",288,1990,15,50,2013-02-04 15:00:00
"556",2013,2,4,1550,1447,63,1755,1654,61,"EV",4572,"N14907","EWR","GSP",108,594,14,47,2013-02-04 14:00:00
"557",2013,2,4,1550,1555,-5,1818,1846,-28,"UA",1197,"N37293","EWR","LAS",308,2227,15,55,2013-02-04 15:00:00
"558",2013,2,4,1550,1545,5,1731,1744,-13,"UA",1710,"N27724","LGA","CLE",76,419,15,45,2013-02-04 15:00:00
"559",2013,2,4,1550,1600,-10,1652,1712,-20,"US",2134,"N965UW","LGA","BOS",38,184,16,0,2013-02-04 16:00:00
"560",2013,2,4,1552,1600,-8,1701,1717,-16,"US",2181,"N705UW","LGA","DCA",46,214,16,0,2013-02-04 16:00:00
"561",2013,2,4,1553,1530,23,1725,1711,14,"9E",3719,"N8698A","LGA","RIC",58,292,15,30,2013-02-04 15:00:00
"562",2013,2,4,1554,1600,-6,1831,1834,-3,"FL",620,"N951AT","LGA","ATL",127,762,16,0,2013-02-04 16:00:00
"563",2013,2,4,1554,1545,9,1722,1703,19,"9E",3635,"N8525B","JFK","BWI",40,184,15,45,2013-02-04 15:00:00
"564",2013,2,4,1554,1602,-8,1716,1722,-6,"YV",3771,"N504MJ","LGA","IAD",52,229,16,2,2013-02-04 16:00:00
"565",2013,2,4,1554,1600,-6,1852,1820,32,"MQ",3985,"N900MQ","JFK","CVG",123,589,16,0,2013-02-04 16:00:00
"566",2013,2,4,1555,1600,-5,1932,1933,-1,"DL",161,"N956DL","JFK","MIA",169,1089,16,0,2013-02-04 16:00:00
"567",2013,2,4,1556,1600,-4,1902,1912,-10,"DL",4,"N3763D","JFK","MCO",153,944,16,0,2013-02-04 16:00:00
"568",2013,2,4,1557,1535,22,1818,1743,35,"EV",4352,"N16961","EWR","CVG",115,569,15,35,2013-02-04 15:00:00
"569",2013,2,4,1557,1600,-3,1836,1840,-4,"DL",847,"N652DL","LGA","ATL",124,762,16,0,2013-02-04 16:00:00
"570",2013,2,4,1557,1540,17,1937,1900,37,"UA",161,"N17122","JFK","LAX",343,2475,15,40,2013-02-04 15:00:00
"571",2013,2,4,1558,1530,28,1944,1910,34,"AA",85,"N351AA","JFK","SFO",356,2586,15,30,2013-02-04 15:00:00
"572",2013,2,4,1558,1600,-2,1912,1915,-3,"AA",565,"N3GFAA","JFK","DFW",213,1391,16,0,2013-02-04 16:00:00
"573",2013,2,4,1558,1600,-2,1854,1850,4,"DL",1331,"N3737C","JFK","DEN",238,1626,16,0,2013-02-04 16:00:00
"574",2013,2,4,1558,1549,9,1655,1705,-10,"UA",1116,"N76508","EWR","BOS",39,200,15,49,2013-02-04 15:00:00
"575",2013,2,4,1559,1600,-1,1732,1732,0,"9E",3453,"N923XJ","JFK","BOS",41,187,16,0,2013-02-04 16:00:00
"576",2013,2,4,1559,1600,-1,1931,1925,6,"AA",1467,"N3CCAA","LGA","MIA",163,1096,16,0,2013-02-04 16:00:00
"577",2013,2,4,1559,1605,-6,1944,1944,0,"DL",1508,"N940DL","JFK","RSW",174,1074,16,5,2013-02-04 16:00:00
"578",2013,2,4,1601,1507,54,1803,1704,59,"EV",4326,"N14959","EWR","CLT",97,529,15,7,2013-02-04 15:00:00
"579",2013,2,4,1603,1610,-7,1736,1732,4,"9E",3689,"N8532G","JFK","PHL",29,94,16,10,2013-02-04 16:00:00
"580",2013,2,4,1603,1600,3,1924,1909,15,"B6",157,"N760JB","JFK","MCO",152,944,16,0,2013-02-04 16:00:00
"581",2013,2,4,1603,1610,-7,1913,1917,-4,"DL",91,"N3739P","JFK","LAS",315,2248,16,10,2013-02-04 16:00:00
"582",2013,2,4,1603,1605,-2,1749,1750,-1,"MQ",4415,"N719MQ","LGA","RDU",73,431,16,5,2013-02-04 16:00:00
"583",2013,2,4,1603,1600,3,1728,1736,-8,"UA",627,"N801UA","EWR","ORD",121,719,16,0,2013-02-04 16:00:00
"584",2013,2,4,1604,1510,54,1816,1710,66,"MQ",4579,"N1EAMQ","LGA","CLT",91,544,15,10,2013-02-04 15:00:00
"585",2013,2,4,1605,1450,75,1948,1645,NA,"EV",4381,"N14543","EWR","DTW",NA,488,14,50,2013-02-04 14:00:00
"586",2013,2,4,1605,1517,48,1908,1815,53,"B6",537,"N570JB","EWR","TPA",160,997,15,17,2013-02-04 15:00:00
"587",2013,2,4,1605,1555,10,1923,1907,16,"DL",1695,"N365NW","LGA","TPA",164,1010,15,55,2013-02-04 15:00:00
"588",2013,2,4,1606,1600,6,1931,1902,29,"B6",985,"N565JB","LGA","TPA",166,1010,16,0,2013-02-04 16:00:00
"589",2013,2,4,1610,1502,68,1720,1615,65,"EV",4571,"N15983","EWR","PWM",49,284,15,2,2013-02-04 15:00:00
"590",2013,2,4,1612,1615,-3,1829,1815,14,"9E",3387,"N602LR","JFK","RDU",79,427,16,15,2013-02-04 16:00:00
"591",2013,2,4,1612,1520,52,1747,1654,53,"9E",4105,"N8745B","JFK","IAD",50,228,15,20,2013-02-04 15:00:00
"592",2013,2,4,1613,1615,-2,1814,1831,-17,"DL",1619,"N320US","LGA","MSP",151,1020,16,15,2013-02-04 16:00:00
"593",2013,2,4,1615,1540,35,1802,1716,46,"9E",4178,"N8709A","JFK","ROC",56,264,15,40,2013-02-04 15:00:00
"594",2013,2,4,1616,1550,26,1730,1710,20,"WN",4215,"N202WN","EWR","MDW",116,711,15,50,2013-02-04 15:00:00
"595",2013,2,4,1617,1520,57,1756,1644,72,"EV",4581,"N11535","EWR","MKE",129,725,15,20,2013-02-04 15:00:00
"596",2013,2,4,1617,1555,22,1813,1745,28,"B6",1053,"N247JB","JFK","PIT",75,340,15,55,2013-02-04 15:00:00
"597",2013,2,4,1618,1555,23,1858,1821,37,"9E",3370,"N930XJ","JFK","DTW",109,509,15,55,2013-02-04 15:00:00
"598",2013,2,4,1618,1555,23,2111,2055,16,"B6",703,"N592JB","JFK","SJU",193,1598,15,55,2013-02-04 15:00:00
"599",2013,2,4,1619,1445,94,1805,1634,91,"EV",4596,"N15574","EWR","STL",143,872,14,45,2013-02-04 14:00:00
"600",2013,2,4,1619,1620,-1,2001,2003,-2,"US",35,"N550UW","JFK","PHX",294,2153,16,20,2013-02-04 16:00:00
"601",2013,2,4,1620,1605,15,1933,1925,8,"9E",3325,"N914XJ","JFK","DFW",214,1391,16,5,2013-02-04 16:00:00
"602",2013,2,4,1623,1504,79,1758,1640,78,"EV",4125,"N12996","EWR","RDU",73,416,15,4,2013-02-04 15:00:00
"603",2013,2,4,1624,1630,-6,1836,1838,-2,"DL",2231,"N326NB","LGA","DTW",95,502,16,30,2013-02-04 16:00:00
"604",2013,2,4,1624,1529,55,1925,1837,48,"UA",1624,"N76528","EWR","FLL",170,1065,15,29,2013-02-04 15:00:00
"605",2013,2,4,1625,1545,40,1852,1817,35,"DL",1942,"N318US","EWR","ATL",123,746,15,45,2013-02-04 15:00:00
"606",2013,2,4,1625,1625,0,NA,1855,NA,"MQ",4661,"N510MQ","LGA","ATL",NA,762,16,25,2013-02-04 16:00:00
"607",2013,2,4,1626,1445,101,1901,1710,111,"MQ",4669,"N532MQ","LGA","ATL",124,762,14,45,2013-02-04 14:00:00
"608",2013,2,4,1628,1635,-7,2000,2001,-1,"US",656,"N655AW","EWR","PHX",296,2133,16,35,2013-02-04 16:00:00
"609",2013,2,4,1629,1630,-1,1929,1925,4,"UA",592,"N674UA","EWR","IAH",209,1400,16,30,2013-02-04 16:00:00
"610",2013,2,4,1630,1625,5,1947,1953,-6,"B6",675,"N641JB","JFK","LAX",342,2475,16,25,2013-02-04 16:00:00
"611",2013,2,4,1630,1629,1,2004,2005,-1,"UA",1078,"N73251","EWR","SAT",247,1569,16,29,2013-02-04 16:00:00
"612",2013,2,4,1631,1635,-4,1946,1945,1,"WN",891,"N457WN","EWR","HOU",224,1411,16,35,2013-02-04 16:00:00
"613",2013,2,4,1632,1629,3,1933,1930,3,"B6",369,"N665JB","LGA","PBI",155,1035,16,29,2013-02-04 16:00:00
"614",2013,2,4,1632,1620,12,1825,1750,35,"MQ",4622,"N522MQ","LGA","BNA",128,764,16,20,2013-02-04 16:00:00
"615",2013,2,4,1633,1616,17,1837,1813,24,"EV",4092,"N14105","EWR","DAY",91,533,16,16,2013-02-04 16:00:00
"616",2013,2,4,1633,1555,38,1828,1748,40,"B6",917,"N178JB","JFK","ORD",133,740,15,55,2013-02-04 15:00:00
"617",2013,2,4,1635,1640,-5,1836,1835,1,"WN",372,"N791SW","LGA","STL",142,888,16,40,2013-02-04 16:00:00
"618",2013,2,4,1638,1610,28,1816,1756,20,"EV",5486,"N712EV","LGA","PIT",68,335,16,10,2013-02-04 16:00:00
"619",2013,2,4,1638,1440,118,1937,1746,111,"UA",1579,"N24224","EWR","MIA",160,1085,14,40,2013-02-04 14:00:00
"620",2013,2,4,1641,1644,-3,1845,1847,-2,"EV",4411,"N14153","EWR","MEM",157,946,16,44,2013-02-04 16:00:00
"621",2013,2,4,1642,1635,7,1927,1907,20,"EV",4705,"N15572","EWR","ATL",134,746,16,35,2013-02-04 16:00:00
"622",2013,2,4,1642,1645,-3,1933,2005,-32,"AA",181,"N339AA","JFK","LAX",330,2475,16,45,2013-02-04 16:00:00
"623",2013,2,4,1644,1640,4,1822,1816,6,"EV",4485,"N16951","EWR","RDU",71,416,16,40,2013-02-04 16:00:00
"624",2013,2,4,1644,1640,4,1949,1955,-6,"AA",773,"N477AA","LGA","DFW",214,1389,16,40,2013-02-04 16:00:00
"625",2013,2,4,1645,1620,25,1933,1915,18,"UA",1688,"N15710","EWR","MCO",148,937,16,20,2013-02-04 16:00:00
"626",2013,2,4,1646,1650,-4,1812,1826,-14,"UA",464,"N841UA","EWR","ORD",119,719,16,50,2013-02-04 16:00:00
"627",2013,2,4,1647,1635,12,1949,1951,-2,"B6",139,"N339JB","JFK","RSW",165,1074,16,35,2013-02-04 16:00:00
"628",2013,2,4,1648,1650,-2,1755,1820,-25,"AA",1790,"N3FNAA","JFK","BOS",38,187,16,50,2013-02-04 16:00:00
"629",2013,2,4,1649,1655,-6,1956,2014,-18,"B6",359,"N621JB","JFK","BUR",342,2465,16,55,2013-02-04 16:00:00
"630",2013,2,4,1649,1640,9,1915,1850,25,"MQ",4540,"N833MQ","LGA","DTW",104,502,16,40,2013-02-04 16:00:00
"631",2013,2,4,1651,1700,-9,1955,2005,-10,"B6",509,"N630JB","EWR","FLL",159,1065,17,0,2013-02-04 17:00:00
"632",2013,2,4,1651,1650,1,1917,1936,-19,"UA",372,"N418UA","EWR","LAS",303,2227,16,50,2013-02-04 16:00:00
"633",2013,2,4,1651,1700,-9,1807,1813,-6,"US",2136,"N953UW","LGA","BOS",42,184,17,0,2013-02-04 17:00:00
"634",2013,2,4,1652,1628,24,1801,1735,26,"EV",4588,"N13913","EWR","MHT",40,209,16,28,2013-02-04 16:00:00
"635",2013,2,4,1652,1700,-8,1929,1943,-14,"DL",1499,"N636DL","LGA","ATL",122,762,17,0,2013-02-04 17:00:00
"636",2013,2,4,1653,1655,-2,1938,2009,-31,"B6",185,"N624JB","JFK","SAN",326,2446,16,55,2013-02-04 16:00:00
"637",2013,2,4,1654,1700,-6,2138,2204,-26,"DL",329,"N3747D","JFK","SJU",193,1598,17,0,2013-02-04 17:00:00
"638",2013,2,4,1655,1700,-5,1811,1817,-6,"US",2183,"N750UW","LGA","DCA",44,214,17,0,2013-02-04 17:00:00
"639",2013,2,4,1656,1522,94,1908,1727,101,"EV",4086,"N25134","EWR","GRR",104,605,15,22,2013-02-04 15:00:00
"640",2013,2,4,1656,1700,-4,1949,1950,-1,"AA",575,"N5DXAA","JFK","EGE",266,1747,17,0,2013-02-04 17:00:00
"641",2013,2,4,1657,1700,-3,1949,1955,-6,"AA",257,"N3CJAA","JFK","LAS",319,2248,17,0,2013-02-04 17:00:00
"642",2013,2,4,1657,1700,-3,1950,2036,-46,"DL",127,"N709TW","JFK","LAX",332,2475,17,0,2013-02-04 17:00:00
"643",2013,2,4,1657,1655,2,2014,2030,-16,"VX",413,"N631VA","JFK","LAX",342,2475,16,55,2013-02-04 16:00:00
"644",2013,2,4,1700,1635,25,1845,1810,35,"MQ",3695,"N527MQ","EWR","ORD",124,719,16,35,2013-02-04 16:00:00
"645",2013,2,4,1701,1619,42,1801,1723,38,"EV",4271,"N12563","EWR","ALB",33,143,16,19,2013-02-04 16:00:00
"646",2013,2,4,1701,1655,6,2013,2029,-16,"DL",706,"N325NB","JFK","AUS",236,1521,16,55,2013-02-04 16:00:00
"647",2013,2,4,1703,1706,-3,1826,1833,-7,"B6",36,"N529JB","JFK","ROC",55,264,17,6,2013-02-04 17:00:00
"648",2013,2,4,1706,1705,1,1835,1830,5,"MQ",4410,"N835MQ","JFK","DCA",59,213,17,5,2013-02-04 17:00:00
"649",2013,2,4,1708,1708,0,2019,2022,-3,"B6",15,"N323JB","JFK","FLL",167,1069,17,8,2013-02-04 17:00:00
"650",2013,2,4,1708,1705,3,2006,2007,-1,"B6",143,"N634JB","JFK","PBI",155,1028,17,5,2013-02-04 17:00:00
"651",2013,2,4,1709,1710,-1,2027,2015,12,"AA",695,"N3ADAA","JFK","AUS",233,1521,17,10,2013-02-04 17:00:00
"652",2013,2,4,1709,1710,-1,1909,1913,-4,"US",894,"N459UW","LGA","CLT",99,544,17,10,2013-02-04 17:00:00
"653",2013,2,4,1710,1715,-5,2011,2019,-8,"DL",1585,"N915DL","LGA","MCO",143,950,17,15,2013-02-04 17:00:00
"654",2013,2,4,1710,1715,-5,1954,2040,-46,"DL",503,"N3769L","JFK","SAN",330,2446,17,15,2013-02-04 17:00:00
"655",2013,2,4,1712,1645,27,1921,1906,15,"9E",4027,"N8604C","EWR","CVG",108,569,16,45,2013-02-04 16:00:00
"656",2013,2,4,1712,1719,-7,1934,1945,-11,"UA",509,"N526UA","LGA","DEN",241,1620,17,19,2013-02-04 17:00:00
"657",2013,2,4,1713,1720,-7,1856,1905,-9,"MQ",4479,"N723MQ","LGA","RDU",69,431,17,20,2013-02-04 17:00:00
"658",2013,2,4,1714,1720,-6,2015,2040,-25,"AA",1999,"N5CGAA","EWR","MIA",156,1085,17,20,2013-02-04 17:00:00
"659",2013,2,4,1714,1429,165,1814,1539,155,"B6",1010,"N284JB","JFK","BOS",37,187,14,29,2013-02-04 14:00:00
"660",2013,2,4,1715,1720,-5,1929,1915,14,"AA",1351,"N3CVAA","JFK","ORD",151,740,17,20,2013-02-04 17:00:00
"661",2013,2,4,1715,1705,10,2026,2015,11,"UA",1259,"N14731","LGA","IAH",225,1416,17,5,2013-02-04 17:00:00
"662",2013,2,4,1716,1720,-4,2036,2033,3,"DL",1779,"N359NW","LGA","FLL",177,1076,17,20,2013-02-04 17:00:00
"663",2013,2,4,1718,1720,-2,1923,1910,13,"AA",345,"N540AA","LGA","ORD",148,733,17,20,2013-02-04 17:00:00
"664",2013,2,4,1718,1725,-7,2039,2050,-11,"UA",512,"N532UA","JFK","SFO",349,2586,17,25,2013-02-04 17:00:00
"665",2013,2,4,1719,1722,-3,1852,1844,8,"EV",4300,"N27962","EWR","RIC",58,277,17,22,2013-02-04 17:00:00
"666",2013,2,4,1719,1710,9,2043,2036,7,"UA",1178,"N29124","EWR","SFO",355,2565,17,10,2013-02-04 17:00:00
"667",2013,2,4,1720,1729,-9,2033,2046,-13,"DL",1185,"N391DA","EWR","SLC",286,1969,17,29,2013-02-04 17:00:00
"668",2013,2,4,1720,1708,12,2030,2026,4,"UA",1606,"N37427","EWR","LAX",339,2454,17,8,2013-02-04 17:00:00
"669",2013,2,4,1721,1725,-4,2019,2040,-21,"AA",145,"N3JLAA","JFK","SAN",338,2446,17,25,2013-02-04 17:00:00
"670",2013,2,4,1722,1730,-8,2000,1957,3,"F9",837,"N216FR","LGA","DEN",241,1620,17,30,2013-02-04 17:00:00
"671",2013,2,4,1725,1645,40,1924,1900,24,"DL",1473,"N321NB","LGA","MEM",156,963,16,45,2013-02-04 16:00:00
"672",2013,2,4,1725,1730,-5,1902,1855,7,"WN",216,"N294WN","EWR","MDW",118,711,17,30,2013-02-04 17:00:00
"673",2013,2,4,1725,1446,159,2035,1757,158,"UA",337,"N465UA","LGA","IAH",219,1416,14,46,2013-02-04 14:00:00
"674",2013,2,4,1727,1725,2,2038,2023,15,"UA",1134,"N13110","EWR","IAH",219,1400,17,25,2013-02-04 17:00:00
"675",2013,2,4,1728,1725,3,2029,2017,12,"UA",1109,"N12125","EWR","MCO",151,937,17,25,2013-02-04 17:00:00
"676",2013,2,4,1728,1635,53,1913,1816,57,"UA",1638,"N81449","EWR","CLE",74,404,16,35,2013-02-04 16:00:00
"677",2013,2,4,1729,1729,0,2104,2049,15,"AA",543,"N367AA","JFK","MIA",174,1089,17,29,2013-02-04 17:00:00
"678",2013,2,4,1731,1745,-14,2019,2042,-23,"B6",391,"N517JB","LGA","MCO",146,950,17,45,2013-02-04 17:00:00
"679",2013,2,4,1731,1730,1,2105,2052,13,"UA",1593,"N26208","EWR","PDX",365,2434,17,30,2013-02-04 17:00:00
"680",2013,2,4,1732,1630,62,1931,1835,56,"B6",1085,"N329JB","JFK","CLT",97,541,16,30,2013-02-04 16:00:00
"681",2013,2,4,1733,1615,78,1945,1845,60,"WN",161,"N483WN","EWR","DEN",226,1605,16,15,2013-02-04 16:00:00
"682",2013,2,4,1734,1610,84,1939,1800,99,"AA",341,"N490AA","LGA","ORD",150,733,16,10,2013-02-04 16:00:00
"683",2013,2,4,1734,1700,34,2049,2049,0,"DL",31,"N727TW","JFK","SFO",355,2586,17,0,2013-02-04 17:00:00
"684",2013,2,4,1735,1730,5,2008,2004,4,"FL",623,"N337AT","LGA","ATL",125,762,17,30,2013-02-04 17:00:00
"685",2013,2,4,1735,1639,56,1842,1753,49,"B6",1176,"N334JB","EWR","BOS",44,200,16,39,2013-02-04 16:00:00
"686",2013,2,4,1735,1730,5,1933,1923,10,"US",449,"N679AW","EWR","CLT",91,529,17,30,2013-02-04 17:00:00
"687",2013,2,4,1736,1710,26,1850,1833,17,"UA",531,"N468UA","EWR","BOS",44,200,17,10,2013-02-04 17:00:00
"688",2013,2,4,1737,1700,37,2010,1935,35,"DL",2042,"N375DA","EWR","ATL",121,746,17,0,2013-02-04 17:00:00
"689",2013,2,4,1738,1730,8,2047,2023,24,"UA",1637,"N73259","EWR","TPA",162,997,17,30,2013-02-04 17:00:00
"690",2013,2,4,1739,1745,-6,2006,2020,-14,"MQ",4413,"N730MQ","LGA","XNA",184,1147,17,45,2013-02-04 17:00:00
"691",2013,2,4,1743,1745,-2,1940,1953,-13,"DL",2331,"N910DL","LGA","DTW",91,502,17,45,2013-02-04 17:00:00
"692",2013,2,4,1743,1700,43,1912,1840,32,"MQ",4323,"N607MQ","JFK","ORF",54,290,17,0,2013-02-04 17:00:00
"693",2013,2,4,1745,1745,0,2042,2055,-13,"AA",785,"N3CWAA","LGA","DFW",209,1389,17,45,2013-02-04 17:00:00
"694",2013,2,4,1746,1735,11,1924,1921,3,"B6",1111,"N279JB","JFK","RDU",83,427,17,35,2013-02-04 17:00:00
"695",2013,2,4,1746,1700,46,1937,1839,58,"UA",689,"N848UA","LGA","ORD",144,733,17,0,2013-02-04 17:00:00
"696",2013,2,4,1747,1745,2,2140,2117,23,"DL",1394,"N3750D","JFK","PDX",361,2454,17,45,2013-02-04 17:00:00
"697",2013,2,4,1747,1630,77,2111,2015,56,"VX",27,"N851VA","JFK","SFO",359,2586,16,30,2013-02-04 16:00:00
"698",2013,2,4,1747,1753,-6,2045,2105,-20,"UA",535,"N502UA","JFK","LAX",339,2475,17,53,2013-02-04 17:00:00
"699",2013,2,4,1749,1555,114,2016,1810,126,"EV",3820,"N16999","EWR","SDF",123,642,15,55,2013-02-04 15:00:00
"700",2013,2,4,1750,1727,23,2117,2038,39,"UA",738,"N476UA","EWR","SEA",362,2402,17,27,2013-02-04 17:00:00
"701",2013,2,4,1750,1800,-10,1950,2006,-16,"US",373,"N650AW","JFK","CLT",91,541,18,0,2013-02-04 18:00:00
"702",2013,2,4,1751,1750,1,2058,2102,-4,"UA",1228,"N27733","EWR","SAN",346,2425,17,50,2013-02-04 17:00:00
"703",2013,2,4,1753,1800,-7,1854,1913,-19,"US",2138,"N952UW","LGA","BOS",38,184,18,0,2013-02-04 18:00:00
"704",2013,2,4,1754,1755,-1,2111,2108,3,"B6",989,"N644JB","JFK","FLL",171,1069,17,55,2013-02-04 17:00:00
"705",2013,2,4,1755,1800,-5,1950,1939,11,"UA",691,"N811UA","LGA","ORD",151,733,18,0,2013-02-04 18:00:00
"706",2013,2,4,1755,1800,-5,1912,1913,-1,"US",2185,"N756US","LGA","DCA",52,214,18,0,2013-02-04 18:00:00
"707",2013,2,4,1756,1800,-4,2056,2043,13,"DL",1047,"N668DN","LGA","ATL",120,762,18,0,2013-02-04 18:00:00
"708",2013,2,4,1757,1800,-3,1906,1914,-8,"B6",1016,"N316JB","JFK","BOS",40,187,18,0,2013-02-04 18:00:00
"709",2013,2,4,1758,1705,53,1936,1905,31,"WN",440,"N443WN","EWR","STL",138,872,17,5,2013-02-04 17:00:00
"710",2013,2,4,1800,1659,61,2143,2046,57,"9E",3375,"N901XJ","JFK","SAT",257,1587,16,59,2013-02-04 16:00:00
"711",2013,2,4,1800,1800,0,1905,1910,-5,"WN",808,"N726SW","EWR","BWI",40,169,18,0,2013-02-04 18:00:00
"712",2013,2,4,1801,1810,-9,2117,2141,-24,"B6",173,"N503JB","JFK","SJC",348,2569,18,10,2013-02-04 18:00:00
"713",2013,2,4,1801,1758,3,1945,1936,9,"UA",1139,"N78506","EWR","ORD",133,719,17,58,2013-02-04 17:00:00
"714",2013,2,4,1803,1807,-4,2108,2127,-19,"B6",217,"N662JB","JFK","LGB",343,2465,18,7,2013-02-04 18:00:00
"715",2013,2,4,1803,1805,-2,1953,1935,18,"WN",389,"N963WN","LGA","MDW",120,725,18,5,2013-02-04 18:00:00
"716",2013,2,4,1804,1710,54,1948,1859,49,"EV",4202,"N14562","EWR","STL",142,872,17,10,2013-02-04 17:00:00
"717",2013,2,4,1804,1810,-6,2123,2130,-7,"AA",1611,"N3HRAA","LGA","MIA",164,1096,18,10,2013-02-04 18:00:00
"718",2013,2,4,1805,1808,-3,2101,2106,-5,"UA",1269,"N34282","EWR","PBI",152,1023,18,8,2013-02-04 18:00:00
"719",2013,2,4,1806,1725,41,1934,1855,39,"MQ",4255,"N923MQ","JFK","BNA",131,765,17,25,2013-02-04 17:00:00
"720",2013,2,4,1807,1815,-8,2114,2130,-16,"AS",7,"N408AS","EWR","SEA",344,2402,18,15,2013-02-04 18:00:00
"721",2013,2,4,1807,1810,-3,1955,1945,10,"MQ",4484,"N734MQ","LGA","BNA",128,764,18,10,2013-02-04 18:00:00
"722",2013,2,4,1808,1729,39,1927,1902,25,"EV",4480,"N29917","EWR","PIT",62,319,17,29,2013-02-04 17:00:00
"723",2013,2,4,1808,1815,-7,2018,2038,-20,"DL",927,"N358NB","JFK","DTW",96,509,18,15,2013-02-04 18:00:00
"724",2013,2,4,1808,1808,0,1950,1949,1,"UA",1053,"N17719","EWR","CLE",76,404,18,8,2013-02-04 18:00:00
"725",2013,2,4,1810,1820,-10,2133,2150,-17,"AA",119,"N3JDAA","EWR","LAX",336,2454,18,20,2013-02-04 18:00:00
"726",2013,2,4,1810,1810,0,2142,2150,-8,"UA",594,"N425UA","EWR","PHX",299,2133,18,10,2013-02-04 18:00:00
"727",2013,2,4,1811,1815,-4,1944,1958,-14,"9E",4019,"N8976E","JFK","RIC",65,288,18,15,2013-02-04 18:00:00
"728",2013,2,4,1811,1750,21,1919,1907,12,"B6",1307,"N228JB","JFK","IAD",50,228,17,50,2013-02-04 17:00:00
"729",2013,2,4,1812,1815,-3,2016,2023,-7,"EV",4495,"N41104","EWR","DSM",161,1017,18,15,2013-02-04 18:00:00
"730",2013,2,4,1812,1815,-3,1931,1952,-21,"9E",4277,"N829AY","JFK","ORF",50,290,18,15,2013-02-04 18:00:00
"731",2013,2,4,1812,1815,-3,2011,2026,-15,"DL",2019,"N333NW","LGA","MSP",152,1020,18,15,2013-02-04 18:00:00
"732",2013,2,4,1817,1825,-8,1943,2008,-25,"EV",5073,"N600QX","LGA","MSN",120,812,18,25,2013-02-04 18:00:00
"733",2013,2,4,1817,1820,-3,2013,2005,8,"AA",353,"N3DRAA","LGA","ORD",134,733,18,20,2013-02-04 18:00:00
"734",2013,2,4,1817,1810,7,2127,2120,7,"UA",1292,"N38403","EWR","FLL",165,1065,18,10,2013-02-04 18:00:00
"735",2013,2,4,1819,1820,-1,2104,2114,-10,"B6",711,"N793JB","JFK","LAS",316,2248,18,20,2013-02-04 18:00:00
"736",2013,2,4,1819,1815,4,2051,2050,1,"DL",926,"N310DE","EWR","ATL",118,746,18,15,2013-02-04 18:00:00
"737",2013,2,4,1819,1820,-1,2106,2116,-10,"UA",1169,"N13716","EWR","LAS",321,2227,18,20,2013-02-04 18:00:00
"738",2013,2,4,1821,1815,6,1936,1939,-3,"UA",1703,"N24202","EWR","BOS",42,200,18,15,2013-02-04 18:00:00
"739",2013,2,4,1822,1830,-8,2140,2202,-22,"UA",272,"N508UA","JFK","SFO",348,2586,18,30,2013-02-04 18:00:00
"740",2013,2,4,1823,1830,-7,2145,2205,-20,"AA",269,"N3JWAA","JFK","SEA",356,2422,18,30,2013-02-04 18:00:00
"741",2013,2,4,1825,1825,0,1928,1935,-7,"US",1860,"N742PS","LGA","PHL",32,96,18,25,2013-02-04 18:00:00
"742",2013,2,4,1826,1730,56,2048,1936,72,"EV",4382,"N12921","EWR","DTW",99,488,17,30,2013-02-04 17:00:00
"743",2013,2,4,1826,1630,116,2005,1807,118,"EV",4702,"N16911","EWR","GSO",78,445,16,30,2013-02-04 16:00:00
"744",2013,2,4,1826,1819,7,2130,2138,-8,"UA",593,"N829UA","EWR","SNA",335,2434,18,19,2013-02-04 18:00:00
"745",2013,2,4,1828,1830,-2,2135,2148,-13,"UA",1165,"N34460","EWR","LAX",337,2454,18,30,2013-02-04 18:00:00
"746",2013,2,4,1828,1830,-2,2021,2015,6,"MQ",4674,"N502MQ","LGA","CLE",75,419,18,30,2013-02-04 18:00:00
"747",2013,2,4,1829,1735,54,1940,1854,46,"B6",74,"N703JB","JFK","BTV",46,266,17,35,2013-02-04 17:00:00
"748",2013,2,4,1829,1830,-1,2045,2048,-3,"UA",612,"N594UA","EWR","DEN",228,1605,18,30,2013-02-04 18:00:00
"749",2013,2,4,1833,1703,90,1948,1810,98,"EV",4373,"N19966","EWR","DCA",45,199,17,3,2013-02-04 17:00:00
"750",2013,2,4,1833,1745,48,2135,2041,54,"B6",547,"N562JB","EWR","PBI",155,1023,17,45,2013-02-04 17:00:00
"751",2013,2,4,1833,1835,-2,1932,1950,-18,"MQ",3944,"N906MQ","JFK","BWI",44,184,18,35,2013-02-04 18:00:00
"752",2013,2,4,1834,1840,-6,2034,2049,-15,"DL",2131,"N362NW","LGA","DTW",89,502,18,40,2013-02-04 18:00:00
"753",2013,2,4,1839,1635,124,2104,1856,128,"EV",3805,"N26549","EWR","SAV",122,708,16,35,2013-02-04 16:00:00
"754",2013,2,4,1839,1745,54,2156,2120,36,"AA",177,"N323AA","JFK","SFO",347,2586,17,45,2013-02-04 17:00:00
"755",2013,2,4,1840,1845,-5,2200,2221,-21,"DL",2190,"N323US","JFK","MIA",177,1089,18,45,2013-02-04 18:00:00
"756",2013,2,4,1842,1710,92,1940,1820,80,"EV",4316,"N22909","EWR","BWI",36,169,17,10,2013-02-04 17:00:00
"757",2013,2,4,1842,1835,7,2213,2212,1,"DL",1643,"N3749D","JFK","SEA",362,2422,18,35,2013-02-04 18:00:00
"758",2013,2,4,1845,1605,160,2012,1754,138,"9E",3459,"N604LR","JFK","BNA",118,765,16,5,2013-02-04 16:00:00
"759",2013,2,4,1847,1850,-3,2151,2212,-21,"DL",2159,"N3767","JFK","MCO",147,944,18,50,2013-02-04 18:00:00
"760",2013,2,4,1848,1845,3,2120,2137,-17,"9E",3369,"N925XJ","JFK","MSY",197,1182,18,45,2013-02-04 18:00:00
"761",2013,2,4,1848,1850,-2,2026,2050,-24,"AA",2019,"N547AA","LGA","STL",139,888,18,50,2013-02-04 18:00:00
"762",2013,2,4,1849,1855,-6,2146,2210,-24,"DL",2391,"N348NW","JFK","TPA",159,1005,18,55,2013-02-04 18:00:00
"763",2013,2,4,1850,1900,-10,2035,2057,-22,"9E",3368,"N605LR","JFK","PIT",71,340,19,0,2013-02-04 19:00:00
"764",2013,2,4,1851,1900,-9,2000,2018,-18,"EV",5714,"N825AS","JFK","IAD",46,228,19,0,2013-02-04 19:00:00
"765",2013,2,4,1852,1815,37,2055,2042,13,"9E",3542,"N937XJ","JFK","MSP",158,1029,18,15,2013-02-04 18:00:00
"766",2013,2,4,1853,1855,-2,2350,2355,-5,"AA",1613,"N5EPAA","JFK","SJU",197,1598,18,55,2013-02-04 18:00:00
"767",2013,2,4,1853,1855,-2,2136,2142,-6,"DL",951,"N1609","JFK","ATL",118,760,18,55,2013-02-04 18:00:00
"768",2013,2,4,1853,1856,-3,2144,2204,-20,"UA",891,"N482UA","LGA","IAH",210,1416,18,56,2013-02-04 18:00:00
"769",2013,2,4,1853,1900,-7,1950,2012,-22,"US",2140,"N949UW","LGA","BOS",37,184,19,0,2013-02-04 19:00:00
"770",2013,2,4,1854,1830,24,2100,2044,16,"EV",5203,"N608QX","EWR","DTW",99,488,18,30,2013-02-04 18:00:00
"771",2013,2,4,1855,1900,-5,2152,2238,-46,"DL",87,"N713TW","JFK","LAX",335,2475,19,0,2013-02-04 19:00:00
"772",2013,2,4,1856,1900,-4,2129,2146,-17,"DL",947,"N643DL","LGA","ATL",121,762,19,0,2013-02-04 19:00:00
"773",2013,2,4,1856,1900,-4,2001,2015,-14,"US",2187,"N709UW","LGA","DCA",40,214,19,0,2013-02-04 19:00:00
"774",2013,2,4,1857,1900,-3,2125,2134,-9,"FL",645,"N932AT","LGA","ATL",123,762,19,0,2013-02-04 19:00:00
"775",2013,2,4,1858,1900,-2,2025,2051,-26,"DL",1255,"N346NB","LGA","PIT",64,335,19,0,2013-02-04 19:00:00
"776",2013,2,4,1900,1846,14,2029,2018,11,"B6",130,"N292JB","JFK","BUF",65,301,18,46,2013-02-04 18:00:00
"777",2013,2,4,1900,1900,0,2232,2301,-29,"DL",1465,"N704X","JFK","SFO",369,2586,19,0,2013-02-04 19:00:00
"778",2013,2,4,1900,1900,0,2019,2040,-21,"UA",954,"N470UA","EWR","ORD",117,719,19,0,2013-02-04 19:00:00
"779",2013,2,4,1901,1805,56,2050,1955,55,"MQ",4626,"N535MQ","LGA","CMH",85,479,18,5,2013-02-04 18:00:00
"780",2013,2,4,1901,1855,6,2054,2100,-6,"MQ",4649,"N521MQ","LGA","MSP",147,1020,18,55,2013-02-04 18:00:00
"781",2013,2,4,1901,1905,-4,2216,2235,-19,"UA",1054,"N76523","EWR","SFO",352,2565,19,5,2013-02-04 19:00:00
"782",2013,2,4,1906,1905,1,2151,2225,-34,"AA",21,"N328AA","JFK","LAX",320,2475,19,5,2013-02-04 19:00:00
"783",2013,2,4,1909,1910,-1,2201,2215,-14,"AA",2075,"N564AA","EWR","DFW",205,1372,19,10,2013-02-04 19:00:00
"784",2013,2,4,1911,1915,-4,2117,2111,6,"9E",3525,"N903XJ","JFK","ORD",127,740,19,15,2013-02-04 19:00:00
"785",2013,2,4,1911,1910,1,2044,2055,-11,"MQ",4569,"N711MQ","LGA","RDU",73,431,19,10,2013-02-04 19:00:00
"786",2013,2,4,1914,1915,-1,2211,2211,0,"B6",155,"N524JB","JFK","MCO",151,944,19,15,2013-02-04 19:00:00
"787",2013,2,4,1914,1920,-6,2227,2258,-31,"DL",6,"N3757D","JFK","SLC",284,1990,19,20,2013-02-04 19:00:00
"788",2013,2,4,1914,1920,-6,2231,2246,-15,"DL",1385,"N3768","JFK","FLL",175,1069,19,20,2013-02-04 19:00:00
"789",2013,2,4,1915,1929,-14,2240,2246,-6,"DL",1099,"N316NB","LGA","RSW",180,1080,19,29,2013-02-04 19:00:00
"790",2013,2,4,1916,1920,-4,2226,2315,-49,"DL",1345,"N3758Y","JFK","PHX",293,2153,19,20,2013-02-04 19:00:00
"791",2013,2,4,1917,1800,77,2153,2104,49,"UA",1221,"N23707","EWR","DFW",198,1372,18,0,2013-02-04 18:00:00
"792",2013,2,4,1918,1925,-7,2029,2045,-16,"9E",4127,"N824AY","JFK","IAD",45,228,19,25,2013-02-04 19:00:00
"793",2013,2,4,1918,1925,-7,2241,2247,-6,"DL",2139,"N925DL","LGA","MIA",167,1096,19,25,2013-02-04 19:00:00
"794",2013,2,4,1920,1925,-5,2219,2235,-16,"DL",2370,"N320NB","LGA","PBI",165,1035,19,25,2013-02-04 19:00:00
"795",2013,2,4,1924,1850,34,2219,2142,37,"B6",527,"N590JB","EWR","MCO",148,937,18,50,2013-02-04 18:00:00
"796",2013,2,4,1924,1930,-6,2226,2243,-17,"DL",1435,"N919DL","LGA","TPA",165,1010,19,30,2013-02-04 19:00:00
"797",2013,2,4,1924,1905,19,2034,2040,-6,"WN",981,"N283WN","LGA","MKE",117,738,19,5,2013-02-04 19:00:00
"798",2013,2,4,1925,1935,-10,2208,2240,-32,"AA",791,"N3BKAA","LGA","DFW",200,1389,19,35,2013-02-04 19:00:00
"799",2013,2,4,1925,1800,85,2227,2057,90,"B6",9,"N536JB","JFK","MCO",152,944,18,0,2013-02-04 18:00:00
"800",2013,2,4,1925,1915,10,2153,2230,-37,"DL",1729,"N3746H","JFK","LAS",305,2248,19,15,2013-02-04 19:00:00
"801",2013,2,4,1928,1725,123,2138,1933,125,"EV",4323,"N12540","EWR","CVG",107,569,17,25,2013-02-04 17:00:00
"802",2013,2,4,1928,1925,3,2221,2229,-8,"DL",1485,"N982DL","LGA","MCO",153,950,19,25,2013-02-04 19:00:00
"803",2013,2,4,1928,1935,-7,2213,2233,-20,"UA",1416,"N38727","EWR","IAH",208,1400,19,35,2013-02-04 19:00:00
"804",2013,2,4,1929,1930,-1,2210,2213,-3,"DL",1715,"N339NB","LGA","MSY",195,1183,19,30,2013-02-04 19:00:00
"805",2013,2,4,1929,1930,-1,2239,2247,-8,"DL",1854,"N332NB","LGA","FLL",173,1076,19,30,2013-02-04 19:00:00
"806",2013,2,4,1932,1859,33,2241,2224,17,"B6",171,"N558JB","JFK","SMF",346,2521,18,59,2013-02-04 18:00:00
"807",2013,2,4,1934,1945,-11,2214,2241,-27,"9E",3314,"N600LR","JFK","JAX",133,828,19,45,2013-02-04 19:00:00
"808",2013,2,4,1934,1940,-6,2244,2240,4,"AA",1787,"N3EUAA","JFK","TPA",162,1005,19,40,2013-02-04 19:00:00
"809",2013,2,4,1936,1936,0,2045,2056,-11,"EV",5693,"N828AS","LGA","IAD",47,229,19,36,2013-02-04 19:00:00
"810",2013,2,4,1939,1859,40,2249,2246,3,"B6",179,"N526JB","JFK","PHX",287,2153,18,59,2013-02-04 18:00:00
"811",2013,2,4,1941,1845,56,2130,2030,60,"MQ",4517,"N829MQ","LGA","CRW",87,444,18,45,2013-02-04 18:00:00
"812",2013,2,4,1942,1955,-13,2242,2310,-28,"AA",1709,"N3ELAA","LGA","MIA",160,1096,19,55,2013-02-04 19:00:00
"813",2013,2,4,1943,1920,23,2106,2100,6,"AA",359,"N3AMAA","LGA","ORD",119,733,19,20,2013-02-04 19:00:00
"814",2013,2,4,1943,1930,13,2301,2311,-10,"B6",91,"N656JB","JFK","OAK",356,2576,19,30,2013-02-04 19:00:00
"815",2013,2,4,1943,1940,3,2249,2248,1,"B6",381,"N729JB","LGA","FLL",166,1076,19,40,2013-02-04 19:00:00
"816",2013,2,4,1945,1950,-5,2316,2334,-18,"B6",645,"N632JB","JFK","SFO",361,2586,19,50,2013-02-04 19:00:00
"817",2013,2,4,1950,1900,50,2122,2033,49,"EV",4416,"N11536","EWR","BNA",127,748,19,0,2013-02-04 19:00:00
"818",2013,2,4,1952,1959,-7,2131,2144,-13,"MQ",4423,"N725MQ","JFK","RDU",78,427,19,59,2013-02-04 19:00:00
"819",2013,2,4,1952,2000,-8,2112,2139,-27,"UA",695,"N463UA","LGA","ORD",119,733,20,0,2013-02-04 20:00:00
"820",2013,2,4,1953,2000,-7,2118,2147,-29,"9E",3320,"N907XJ","JFK","BUF",63,301,20,0,2013-02-04 20:00:00
"821",2013,2,4,1953,1940,13,2134,2125,9,"MQ",3783,"N508MQ","JFK","CMH",81,483,19,40,2013-02-04 19:00:00
"822",2013,2,4,1953,2000,-7,2049,2114,-25,"US",2142,"N965UW","LGA","BOS",41,184,20,0,2013-02-04 20:00:00
"823",2013,2,4,1953,2000,-7,2054,2117,-23,"US",2189,"N705UW","LGA","DCA",46,214,20,0,2013-02-04 20:00:00
"824",2013,2,4,1955,2000,-5,2100,2143,-43,"DL",402,"N336NB","JFK","BOS",37,187,20,0,2013-02-04 20:00:00
"825",2013,2,4,1956,2005,-9,2256,2311,-15,"UA",754,"N816UA","EWR","TPA",161,997,20,5,2013-02-04 20:00:00
"826",2013,2,4,1957,1928,29,2205,2129,36,"EV",4532,"N18556","EWR","CHS",107,628,19,28,2013-02-04 19:00:00
"827",2013,2,4,1957,2000,-3,2306,2311,-5,"B6",801,"N625JB","JFK","FLL",164,1069,20,0,2013-02-04 20:00:00
"828",2013,2,4,1958,2000,-2,2225,2243,-18,"DL",1147,"N3754A","LGA","ATL",121,762,20,0,2013-02-04 20:00:00
"829",2013,2,4,1959,2000,-1,2210,2208,2,"EV",3822,"N16151","EWR","TYS",106,631,20,0,2013-02-04 20:00:00
"830",2013,2,4,1959,1845,74,2206,2050,76,"EV",4227,"N13958","EWR","GRR",104,605,18,45,2013-02-04 18:00:00
"831",2013,2,4,1959,1930,29,2159,2151,8,"9E",3798,"N8588D","JFK","CLT",93,541,19,30,2013-02-04 19:00:00
"832",2013,2,4,2000,1904,56,2133,2026,67,"EV",4131,"N15983","EWR","RIC",61,277,19,4,2013-02-04 19:00:00
"833",2013,2,4,2000,2000,0,2302,2304,-2,"B6",21,"N579JB","JFK","TPA",164,1005,20,0,2013-02-04 20:00:00
"834",2013,2,4,2000,1855,65,2323,2240,43,"VX",29,"N628VA","JFK","SFO",361,2586,18,55,2013-02-04 18:00:00
"835",2013,2,4,2000,2000,0,2134,2139,-5,"UA",1574,"N24702","EWR","CLE",68,404,20,0,2013-02-04 20:00:00
"836",2013,2,4,2002,2015,-13,2207,2210,-3,"MQ",4555,"N824MQ","LGA","CMH",86,479,20,15,2013-02-04 20:00:00
"837",2013,2,4,2003,2000,3,2217,2224,-7,"9E",3439,"N924XJ","JFK","CVG",104,589,20,0,2013-02-04 20:00:00
"838",2013,2,4,2006,2000,6,2321,2318,3,"UA",890,"N421UA","EWR","MIA",171,1085,20,0,2013-02-04 20:00:00
"839",2013,2,4,2007,2015,-8,2112,2130,-18,"AA",1762,"N3GLAA","JFK","BOS",37,187,20,15,2013-02-04 20:00:00
"840",2013,2,4,2013,1935,38,2204,2145,19,"9E",3899,"N8745B","JFK","CLE",79,425,19,35,2013-02-04 19:00:00
"841",2013,2,4,2015,2005,10,2313,2258,15,"UA",647,"N413UA","EWR","MCO",147,937,20,5,2013-02-04 20:00:00
"842",2013,2,4,2016,2005,11,2220,2230,-10,"9E",4033,"N8444F","LGA","TYS",107,647,20,5,2013-02-04 20:00:00
"843",2013,2,4,2017,1943,34,2121,2053,28,"EV",4312,"N14570","EWR","DCA",46,199,19,43,2013-02-04 19:00:00
"844",2013,2,4,2018,1910,68,2325,2230,55,"B6",87,"N639JB","JFK","SLC",286,1990,19,10,2013-02-04 19:00:00
"845",2013,2,4,2018,2025,-7,2255,2331,-36,"UA",299,"N820UA","EWR","DFW",199,1372,20,25,2013-02-04 20:00:00
"846",2013,2,4,2019,2020,-1,2233,2245,-12,"MQ",4662,"N8EGMQ","LGA","ATL",116,762,20,20,2013-02-04 20:00:00
"847",2013,2,4,2020,2030,-10,2145,2206,-21,"FL",354,"N964AT","LGA","CAK",68,397,20,30,2013-02-04 20:00:00
"848",2013,2,4,2021,2029,-8,2108,2140,-32,"9E",3609,"N8532G","JFK","PHL",31,94,20,29,2013-02-04 20:00:00
"849",2013,2,4,2022,1946,36,2227,2154,33,"EV",4536,"N14573","EWR","CVG",101,569,19,46,2013-02-04 19:00:00
"850",2013,2,4,2023,2029,-6,2307,2337,-30,"UA",1225,"N17730","EWR","PBI",150,1023,20,29,2013-02-04 20:00:00
"851",2013,2,4,2023,2025,-2,2307,2329,-22,"UA",771,"N557UA","JFK","LAX",322,2475,20,25,2013-02-04 20:00:00
"852",2013,2,4,2027,1840,107,2201,2020,101,"MQ",3730,"N518MQ","EWR","ORD",111,719,18,40,2013-02-04 18:00:00
"853",2013,2,4,2029,1940,49,2130,2106,24,"9E",4091,"N8525B","JFK","BWI",39,184,19,40,2013-02-04 19:00:00
"854",2013,2,4,2030,1935,55,2351,2220,NA,"EV",4204,"N14179","EWR","OKC",NA,1325,19,35,2013-02-04 19:00:00
"855",2013,2,4,2030,1800,150,2238,2015,143,"EV",4397,"N13202","EWR","MCI",167,1092,18,0,2013-02-04 18:00:00
"856",2013,2,4,2031,2035,-4,2130,2154,-24,"UA",1243,"N37252","EWR","BOS",39,200,20,35,2013-02-04 20:00:00
"857",2013,2,4,2032,1929,63,2312,2201,71,"EV",4333,"N16149","EWR","TUL",198,1215,19,29,2013-02-04 19:00:00
"858",2013,2,4,2032,2005,27,2336,2335,1,"VX",415,"N622VA","JFK","LAX",336,2475,20,5,2013-02-04 20:00:00
"859",2013,2,4,2033,2040,-7,7,2358,9,"B6",165,"N521JB","JFK","PDX",368,2454,20,40,2013-02-04 20:00:00
"860",2013,2,4,2035,2045,-10,2154,2225,-31,"AA",371,"N4YGAA","LGA","ORD",118,733,20,45,2013-02-04 20:00:00
"861",2013,2,4,2036,2040,-4,2331,2344,-13,"B6",629,"N324JB","JFK","HOU",209,1428,20,40,2013-02-04 20:00:00
"862",2013,2,4,2037,2005,32,2209,2133,36,"EV",4224,"N12563","EWR","MKE",122,725,20,5,2013-02-04 20:00:00
"863",2013,2,4,2039,1947,52,2148,2112,36,"EV",4412,"N17196","EWR","BUF",51,282,19,47,2013-02-04 19:00:00
"864",2013,2,4,2042,2045,-3,2154,2216,-22,"9E",3395,"N923XJ","JFK","DCA",50,213,20,45,2013-02-04 20:00:00
"865",2013,2,4,2042,1735,187,2154,1925,149,"WN",408,"N208WN","LGA","BNA",119,764,17,35,2013-02-04 17:00:00
"866",2013,2,4,2043,2035,8,119,126,-7,"UA",1071,"N76522","EWR","BQN",195,1585,20,35,2013-02-04 20:00:00
"867",2013,2,4,2044,2042,2,2235,2231,4,"EV",3833,"N13913","EWR","STL",145,872,20,42,2013-02-04 20:00:00
"868",2013,2,4,2047,2100,-13,2144,2207,-23,"US",2144,"N953UW","LGA","BOS",38,184,21,0,2013-02-04 21:00:00
"869",2013,2,4,2049,2040,9,2349,2356,-7,"B6",677,"N805JB","JFK","LAX",339,2475,20,40,2013-02-04 20:00:00
"870",2013,2,4,2049,2055,-6,2246,2250,-4,"MQ",4573,"N719MQ","LGA","DTW",94,502,20,55,2013-02-04 20:00:00
"871",2013,2,4,2050,2100,-10,2208,2211,-3,"US",2191,"N750UW","LGA","DCA",45,214,21,0,2013-02-04 21:00:00
"872",2013,2,4,2051,2100,-9,2331,2348,-17,"B6",399,"N636JB","LGA","MCO",143,950,21,0,2013-02-04 21:00:00
"873",2013,2,4,2052,2100,-8,2221,2235,-14,"MQ",4507,"N713MQ","LGA","RDU",72,431,21,0,2013-02-04 21:00:00
"874",2013,2,4,2053,2100,-7,2340,31,-51,"DL",2363,"N721TW","JFK","LAX",323,2475,21,0,2013-02-04 21:00:00
"875",2013,2,4,2056,2058,-2,2203,2206,-3,"B6",1020,"N594JB","JFK","BOS",40,187,20,58,2013-02-04 20:00:00
"876",2013,2,4,2057,1858,119,2235,2055,100,"EV",5038,"N712EV","LGA","BHM",145,866,18,58,2013-02-04 18:00:00
"877",2013,2,4,2100,2000,60,2235,2137,58,"EV",4106,"N14907","EWR","GSO",76,445,20,0,2013-02-04 20:00:00
"878",2013,2,4,2100,2045,15,2203,2153,10,"B6",1178,"N334JB","EWR","BOS",44,200,20,45,2013-02-04 20:00:00
"879",2013,2,4,2100,2100,0,2206,2225,-19,"WN",530,"N723SW","LGA","MDW",112,725,21,0,2013-02-04 21:00:00
"880",2013,2,4,2103,2005,58,2301,2204,57,"EV",4133,"N13989","EWR","GSP",99,594,20,5,2013-02-04 20:00:00
"881",2013,2,4,2106,2045,21,2336,2309,27,"B6",115,"N309JB","JFK","MSY",183,1182,20,45,2013-02-04 20:00:00
"882",2013,2,4,2108,2030,38,11,2349,22,"B6",1069,"N247JB","JFK","AUS",222,1521,20,30,2013-02-04 20:00:00
"883",2013,2,4,2110,2100,10,2220,2212,8,"EV",4119,"N14105","EWR","RIC",53,277,21,0,2013-02-04 21:00:00
"884",2013,2,4,2110,2130,-20,2359,24,-25,"B6",383,"N599JB","LGA","FLL",156,1076,21,30,2013-02-04 21:00:00
"885",2013,2,4,2113,2046,27,2357,2318,39,"EV",4645,"N16961","EWR","JAX",139,820,20,46,2013-02-04 20:00:00
"886",2013,2,4,2115,2125,-10,2227,2250,-23,"MQ",4660,"N1EAMQ","LGA","BNA",114,764,21,25,2013-02-04 21:00:00
"887",2013,2,4,2117,2125,-8,2234,2240,-6,"MQ",4449,"N835MQ","JFK","DCA",55,213,21,25,2013-02-04 21:00:00
"888",2013,2,4,2124,2129,-5,2234,2231,3,"EV",4088,"N14974","EWR","DCA",43,199,21,29,2013-02-04 21:00:00
"889",2013,2,4,2126,1815,191,2318,2032,166,"EV",5054,"N750EV","EWR","MSP",158,1008,18,15,2013-02-04 18:00:00
"890",2013,2,4,2126,2130,-4,2354,1,-7,"B6",97,"N506JB","JFK","DEN",241,1626,21,30,2013-02-04 21:00:00
"891",2013,2,4,2128,2135,-7,38,35,3,"B6",11,"N529JB","JFK","FLL",167,1069,21,35,2013-02-04 21:00:00
"892",2013,2,4,2129,2135,-6,2250,2300,-10,"B6",104,"N348JB","JFK","BUF",62,301,21,35,2013-02-04 21:00:00
"893",2013,2,4,2134,1920,134,2316,2121,115,"9E",3373,"N919XJ","JFK","RDU",80,427,19,20,2013-02-04 19:00:00
"894",2013,2,4,2134,2135,-1,47,50,-3,"AA",185,"N338AA","JFK","LAX",339,2475,21,35,2013-02-04 21:00:00
"895",2013,2,4,2137,1900,157,2244,2013,151,"EV",4520,"N16963","EWR","PWM",47,284,19,0,2013-02-04 19:00:00
"896",2013,2,4,2137,2035,62,2232,2142,50,"EV",4695,"N25134","EWR","MHT",38,209,20,35,2013-02-04 20:00:00
"897",2013,2,4,2141,2154,-13,47,49,-2,"B6",515,"N648JB","EWR","FLL",162,1065,21,54,2013-02-04 21:00:00
"898",2013,2,4,2148,1940,128,2252,2100,112,"WN",633,"N202WN","EWR","MDW",109,711,19,40,2013-02-04 19:00:00
"899",2013,2,4,2149,2110,39,29,2354,35,"B6",529,"N607JB","EWR","MCO",140,937,21,10,2013-02-04 21:00:00
"900",2013,2,4,2151,2100,51,2303,2220,43,"MQ",3744,"N509MQ","EWR","ORD",110,719,21,0,2013-02-04 21:00:00
"901",2013,2,4,2154,1915,159,14,2137,157,"EV",4085,"N12135","EWR","OMA",178,1134,19,15,2013-02-04 19:00:00
"902",2013,2,4,2154,2159,-5,2253,2316,-23,"DL",2155,"N370NW","LGA","PWM",41,269,21,59,2013-02-04 21:00:00
"903",2013,2,4,2156,2029,87,2,2233,89,"EV",4348,"N14952","EWR","MSP",166,1008,20,29,2013-02-04 20:00:00
"904",2013,2,4,2159,2107,52,14,2322,52,"EV",3819,"N16981","EWR","SDF",116,642,21,7,2013-02-04 21:00:00
"905",2013,2,4,2200,2159,1,2309,2306,3,"EV",4322,"N12569","EWR","PWM",48,284,21,59,2013-02-04 21:00:00
"906",2013,2,4,2200,2125,35,2250,2234,16,"UA",1066,"N12221","EWR","BOS",33,200,21,25,2013-02-04 21:00:00
"907",2013,2,4,2206,2159,7,2259,2300,-1,"EV",4519,"N14188","EWR","BWI",37,169,21,59,2013-02-04 21:00:00
"908",2013,2,4,2214,1930,164,2346,2115,151,"EV",3274,"N16546","LGA","CLE",70,419,19,30,2013-02-04 19:00:00
"909",2013,2,4,2218,2100,78,2356,2250,66,"MQ",4584,"N532MQ","LGA","CLT",82,544,21,0,2013-02-04 21:00:00
"910",2013,2,4,2231,2129,62,2333,2224,69,"EV",4619,"N29917","EWR","PHL",28,80,21,29,2013-02-04 21:00:00
"911",2013,2,4,2237,2241,-4,2349,2,-13,"B6",112,"N603JB","JFK","BUF",57,301,22,41,2013-02-04 22:00:00
"912",2013,2,4,2240,2245,-5,2345,2356,-11,"B6",128,"N586JB","JFK","BTV",42,266,22,45,2013-02-04 22:00:00
"913",2013,2,4,2240,2250,-10,2343,2358,-15,"B6",608,"N229JB","JFK","PWM",46,273,22,50,2013-02-04 22:00:00
"914",2013,2,4,2248,1945,183,2354,2105,169,"EV",4108,"N13969","EWR","IAD",43,212,19,45,2013-02-04 19:00:00
"915",2013,2,4,2248,2125,83,2337,2224,73,"EV",4404,"N16911","EWR","PVD",30,160,21,25,2013-02-04 21:00:00
"916",2013,2,4,2256,2249,7,2357,2356,1,"B6",22,"N183JB","JFK","SYR",43,209,22,49,2013-02-04 22:00:00
"917",2013,2,4,2259,2000,179,2348,2101,167,"EV",4309,"N14543","EWR","ALB",29,143,20,0,2013-02-04 20:00:00
"918",2013,2,4,2306,2250,16,2357,2353,4,"B6",1018,"N559JB","JFK","BOS",33,187,22,50,2013-02-04 22:00:00
"919",2013,2,4,2323,2250,33,33,6,27,"B6",30,"N353JB","JFK","ROC",54,264,22,50,2013-02-04 22:00:00
"920",2013,2,4,2341,2159,102,49,2315,94,"EV",4162,"N14570","EWR","BTV",48,266,21,59,2013-02-04 21:00:00
"921",2013,2,4,2349,2359,-10,423,436,-13,"B6",727,"N821JB","JFK","BQN",192,1576,23,59,2013-02-04 23:00:00
"922",2013,2,4,2351,2359,-8,428,444,-16,"B6",739,"N613JB","JFK","PSE",197,1617,23,59,2013-02-04 23:00:00
"923",2013,2,4,NA,1619,NA,NA,1726,NA,"EV",4299,"N12563","EWR","DCA",NA,199,16,19,2013-02-04 16:00:00
"924",2013,2,4,NA,1436,NA,NA,1543,NA,"EV",4372,"N13553","EWR","DCA",NA,199,14,36,2013-02-04 14:00:00
"925",2013,2,4,NA,1904,NA,NA,2109,NA,"EV",4437,"N11565","EWR","CLT",NA,529,19,4,2013-02-04 19:00:00
"926",2013,2,4,NA,1221,NA,NA,1418,NA,"EV",4640,"N11565","EWR","DAY",NA,533,12,21,2013-02-04 12:00:00
"927",2013,2,4,NA,1032,NA,NA,1240,NA,"EV",4689,"N16951","EWR","CHS",NA,628,10,32,2013-02-04 10:00:00
"928",2013,2,4,NA,1645,NA,NA,1853,NA,"EV",4997,"N718EV","EWR","DTW",NA,488,16,45,2013-02-04 16:00:00
"929",2013,2,4,NA,1540,NA,NA,1744,NA,"EV",4667,"N16951","EWR","MSP",NA,1008,15,40,2013-02-04 15:00:00
"930",2013,2,4,NA,1705,NA,NA,2010,NA,"AA",1905,"N584AA","EWR","DFW",NA,1372,17,5,2013-02-04 17:00:00
"931",2013,2,4,NA,615,NA,NA,750,NA,"MQ",4518,"N739MQ","LGA","RDU",NA,431,6,15,2013-02-04 06:00:00
"932",2013,2,4,NA,1115,NA,NA,1310,NA,"MQ",4485,"N722MQ","LGA","CMH",NA,479,11,15,2013-02-04 11:00:00
